name,age,street,city,state,zip,lng,lat
Joel Williams,37,52008 Kelsey Glens Apt. 941,Riveraborough,Hawaii,14734,-133.052077,29.4867185
Michael Taylor,62,82106 Steven Burg,Jermainefurt,Delaware,43623,-124.054052,6.4931715
Brittney Pierce,63,91771 Randall Square Apt. 236,Woodberg,New York,42976,89.336302,0.238238
Destiny Church,39,533 Chase Centers Suite 266,Shermanstad,Delaware,05826,-85.976273,50.3397815
Michael Johnson,60,577 Copeland Road Suite 922,North Troyfurt,Arizona,13566,28.858236,85.5232085
Matthew Wiggins,52,377 Ashley Square Apt. 332,Watsonton,Maine,08674,-154.382783,-19.2291585
Shelby Park,49,09681 Adams Pines Suite 172,Owensview,Nevada,57412,111.901129,68.8431755
Lisa Sanchez,36,005 David Views Suite 996,Brennanstad,Ohio,99897,-86.618648,46.0740495
Eric Romero,75,90396 Ford Ferry Suite 012,Nicolefurt,Louisiana,23200,124.006425,1.3355055
Michael Pham,54,265 Marvin Mews Suite 817,New Lindsaybury,Mississippi,07741,178.590784,44.2113875
Rick Smith,76,642 David Mountain Suite 268,East Michael,Ohio,80360,-145.396385,81.3250055
Mariah Herring,19,856 Heather Expressway,Lake Randyburgh,Maine,53765,74.159912,6.367928
Shirley Carroll,33,85419 Gay Summit Apt. 500,Darlenetown,South Dakota,68040,129.809304,-49.5930095
Madison Fleming,48,268 Brown Green,Fergusonside,Louisiana,10125,134.411798,29.7825855
Pamela Miller,67,03857 Jones Crescent,Lake Annettefurt,Arkansas,82776,-22.491698,49.2648635
Susan Compton,80,391 Amanda Plains Suite 953,North Jeremiah,Virginia,09757,164.001554,-72.6934725
Christopher Blair,48,203 Andrea Curve Suite 391,East Amandamouth,Tennessee,36016,147.191973,-29.8714395
Mrs. Dorothy Evans,59,5154 Charles Haven,Christopherview,Washington,09414,172.344119,46.3311725
Glenn Hughes,62,81775 Woods Inlet Apt. 541,Lopezfurt,Alabama,70972,-31.194126,40.519896
Michael Thompson,59,945 Robinson Hills Apt. 147,Erichaven,Arkansas,17914,-37.644822,-33.0803765
Gloria Daniels,25,404 Gabriel Ville Apt. 257,Lake Madison,Maine,28424,-149.765559,67.6723635
William Duran,52,8496 Cooper Brook Suite 738,South Ryan,Illinois,01406,3.557671,75.632064
Laura Jimenez,78,276 Wilson Fall,Stephenberg,Missouri,12274,174.274957,-15.979761
Angel Kirby,24,96751 Andrew Track Apt. 377,Erinbury,Delaware,24784,-133.655845,77.0795165
Sierra Gomez,71,7823 Bell Street Apt. 417,Humphreyhaven,Maryland,01742,-43.578347,38.4802305
Randall Weiss,41,25095 Jason Hills,Lake Scott,Hawaii,83396,42.286477,22.6258835
Keith Rosales,21,33891 White Square,Russoshire,Delaware,27466,179.798364,66.2581435
Lawrence Ward,49,3991 Myers Corner,Richardshire,Missouri,38160,12.553988,23.812772
Amy Lawson,69,53782 Leon Summit,Port Marcusland,New Jersey,84624,19.194313,73.7031555
Melinda Miller,60,19950 Jacob Mountains Suite 834,Port Matthewfort,Idaho,74705,-63.808383,-34.6141465
Robert Peterson,30,1266 Amy Forks Apt. 322,Gilmoremouth,New Mexico,00587,135.454382,9.4414575
Larry Johnson,77,706 Connie Walk,Hayesport,Illinois,68474,42.509809,-35.821635
Brian Smith,25,53053 Carlson Unions Suite 815,Port Brianshire,Oklahoma,88348,-168.980446,-82.8358995
Zoe Carpenter,45,041 Joyce Dale Apt. 934,North Andrew,Ohio,55425,-17.638582,-38.5508215
Austin Villarreal,80,93777 John Shore Suite 875,Lake Patricia,Arizona,16564,-115.491371,-17.3895595
Brittany Dodson,40,88866 Henderson Pass Apt. 341,Port William,South Carolina,51009,-28.843213,3.5809645
Kimberly Stevens MD,55,020 William Circles Apt. 662,Joneston,Colorado,12624,152.54569,-51.141686
Cynthia Norris,77,7067 Neal Vista,Carpenterfort,Nevada,28082,176.958598,-12.424916
Erin Wells,60,43380 Ryan Flats,New Shelby,Wisconsin,55871,-148.998898,-16.9173
Jasmin Lee,54,98784 Thomas Square,Port Zacharymouth,New York,40761,-32.701745,4.9597955
Anne Baxter,34,02275 Carlos Plain,Batesmouth,Alaska,70854,55.189925,32.750875
Vincent Kline,53,222 Amanda Neck Apt. 570,New Claudia,Tennessee,72904,-69.154351,-41.3034985
Caitlin Nunez,38,719 Brown Ferry,Port Donaldborough,Pennsylvania,92211,96.692817,-70.5282085
Andrew Watts,77,1538 Joyce Lights Suite 492,Manuelstad,West Virginia,38451,-67.363372,16.1173235
April Ray,74,8935 Cunningham Freeway Apt. 813,Hallport,Mississippi,53833,-120.686178,-50.2173635
Brittany Becker,40,577 Dana Divide,Karenview,Arizona,74680,23.00668,79.4967955
Stephanie Huffman,68,9937 Clayton Cove Suite 909,Lake Natalie,West Virginia,12289,-49.189019,78.211911
Michelle Patel,59,391 Murray Estates Apt. 302,Melissamouth,South Dakota,48428,92.482845,71.8678025
Christine Soto,65,852 Long Centers Suite 634,Davidtown,North Carolina,03227,178.034727,-61.486537
Michael Zimmerman,64,6432 Andrade Turnpike,Lake Chris,South Carolina,85438,19.489893,12.543012
Elizabeth English,29,81930 Young Run Apt. 345,East Jenniferfurt,Virginia,33151,104.420903,-0.165097
Justin Thomas,61,29673 Hatfield Drive,Lake Debbieborough,Idaho,47805,-55.163018,-83.4720275
Katie Espinoza,63,3230 Johnson Vista,Cervantesport,Nebraska,52011,-75.714046,66.007575
Jessica Hampton,67,1239 Emma Squares Apt. 821,Laurachester,South Dakota,60275,-42.921502,-50.983971
Ashley Leon,77,81992 Bailey Gardens,Leslieburgh,Utah,42056,-140.64383,41.7181585
Brandon Robinson,62,0399 Fernandez Ford,East Zachary,Florida,61721,49.201292,-31.9720825
Dr. Gina Baker,66,4629 Jane Stravenue Suite 398,West Paul,West Virginia,11732,170.859455,32.088825
Cynthia Burch,59,295 Brown Extension,Jessebury,Virginia,13060,-100.424476,-76.214123
Keith Chandler,71,1119 Kelly Valleys Suite 410,Matthewmouth,Connecticut,05446,173.505119,-56.89514
Julie Grant,47,209 Miller Falls,Velazquezport,Washington,74173,2.089533,-81.5708935
Julie Carpenter,53,2399 Molly Forge,West Danielleview,Hawaii,85457,69.754364,-67.5421135
Jacqueline Johnston,76,50571 Ashley Knoll,Kellyhaven,Tennessee,52071,4.096671,53.0250995
Sarah Scott,30,248 Pennington Extensions Suite 847,South Kimberly,Nebraska,23365,-9.304497,-17.679704
James Patterson,46,42353 Robert Circle Apt. 410,Simpsonmouth,Indiana,18427,89.55975,-58.662415
Morgan Foster,65,44874 Harper Squares,Nealburgh,Hawaii,87527,-120.317198,17.1792935
Christopher Stein,19,229 Jennifer Viaduct Suite 269,West Angelamouth,Kentucky,98357,-115.472003,87.987652
Angela Blackburn,52,6427 Jason Route,North Logan,South Dakota,84157,151.278632,66.3598595
Amy Kelly,37,517 Christopher Lane Suite 577,Marshallhaven,Hawaii,33240,-112.349312,67.6437455
Patricia Jimenez,61,50155 Kimberly Isle Suite 120,East Laurentown,Tennessee,21715,-4.964966,75.505115
Katie Dawson,31,69361 Gentry Curve Suite 834,Lake Justin,New Jersey,14375,-16.471155,15.7489795
Kristine Houston,55,29629 Smith Circles Suite 876,East Nancy,Texas,55826,94.66632,40.778152
Jason Flores,31,0665 Andrew Fields,West Chadborough,Florida,84177,136.566482,8.664301
Mary Evans,33,174 Gaines Springs Suite 882,North Emily,Minnesota,10314,-87.351904,65.668909
Jennifer Martinez,26,8196 Laura Ranch Apt. 885,East Andrewfort,Pennsylvania,02977,9.283001,-89.944381
Zachary Gross,59,943 Mitchell Ridges Apt. 674,Josephview,Iowa,34864,-33.468321,45.0452995
Peter Grant,78,6076 Campos Neck Apt. 587,Dannyland,Arkansas,23378,-102.384502,32.9203585
Elizabeth Williams,51,38735 Allen Station,Port Sandra,Wisconsin,68264,93.482342,-27.4983265
William Mitchell,65,1229 John Shoals Apt. 168,Kaylaberg,Delaware,70959,-139.976096,72.5426735
David Butler,49,3711 Clark Skyway,Madisonton,South Carolina,47276,-95.771575,51.1706915
Jaime Coffey,29,8022 Waters Via,Charleshaven,Hawaii,96602,115.456029,17.5748235
Christopher Mcdonald,24,7717 Hill Spring Apt. 224,Nicoleport,Florida,91727,6.001065,39.875573
Jesse Shepard,31,26458 Rivas Via Apt. 645,South Vicki,Michigan,57503,132.047885,-17.441011
Larry Gonzalez,42,3774 Watson Harbor,Barbarabury,North Carolina,35526,26.601809,-48.67757
Pamela Howell,45,17334 Amanda Divide,Danielville,Kentucky,77489,-21.003896,-79.398054
Wesley Graves,64,0476 Marcus Mountain,Oscarport,New York,20984,-166.719104,-53.1709025
Derek Graham,26,329 David Mews,Santosborough,Minnesota,11256,58.96037,33.7567405
David Lopez,32,0876 Benjamin Radial,New Georgeside,Louisiana,58282,97.06549,-48.0249135
Wendy Johnson,30,93990 Johnson Cape Apt. 372,West Tara,Alabama,70132,-134.124018,55.14397
Andrea Lewis,71,959 Guerrero Spring,Port Julieport,Louisiana,76464,13.45449,63.7292555
Loretta Burns,78,1487 Patton Squares Apt. 488,Hannahbury,Massachusetts,67602,73.339814,-16.3049805
Natasha Fowler,50,317 Bradley Islands Apt. 227,North Francisburgh,Tennessee,24886,-170.565548,9.555467
Paul Brown,65,2853 Holland Roads,New Joeland,Louisiana,95111,105.97378,-34.407345
Trevor Solomon,23,0857 Kelly Forge,North Michael,Missouri,94150,46.345544,73.942359
Gloria Phillips,70,392 Cassandra Stream Apt. 199,Traceyfort,Washington,11631,-32.786435,-23.893478
Justin Adams,41,04405 Craig Centers Apt. 666,Lake Kristine,Nevada,50681,179.639125,-87.228501
Angela Romero,55,17274 Scott View,Susanview,Mississippi,04329,34.492649,27.342449
Kristie Daniels,37,6738 Richards Mountains Suite 648,Mcdonaldberg,Kansas,87586,39.054606,0.984706
Jessica Sanchez,22,1684 Diana Union,East Michelleside,Maryland,39108,106.684886,82.3504595
Amy Vazquez,42,8805 John Green,East Lindsaychester,South Carolina,19957,179.311303,-38.7501635
Kristen Fisher,80,657 Nicole Rapids Suite 719,Lucasmouth,Idaho,41154,131.702277,41.007158
Deanna Nguyen,27,9642 Reed Fields Apt. 027,Port Jonathanfurt,Mississippi,21146,-93.506119,-38.964318
James Hull,64,3696 Doyle Stream Suite 620,Smithtown,New Mexico,94588,170.217463,-40.368031
Isaiah Shepard,65,9204 Jones Common Apt. 136,Collinsfurt,Vermont,32223,0.753351,82.4503025
Paige Lara,60,84177 Shelly Ferry,Youngfort,South Dakota,57913,-149.355171,-84.7401815
Gregory Rollins DDS,63,17527 Michael Plains Suite 000,Murphyland,Iowa,43171,-49.087613,-1.895429
Emily Russo,27,64819 James Hollow,Melindabury,Colorado,03773,117.214364,89.4537965
Kerry Fletcher,27,5086 Walls Rue Suite 334,Lake Melindastad,Florida,44009,110.312792,20.9233705
Sara Rodriguez,72,77448 Costa Isle,Danielton,California,74502,-124.885947,-18.2684665
Laura Robinson,39,13581 Ruben Loaf,Port Lori,New York,03187,18.29122,-5.4993805
Sean Murphy,28,5776 Charles Crescent,Richardshire,Texas,41943,53.238959,36.0639465
Anthony Casey,78,4810 Jessica Point,East Elizabethfurt,Kentucky,02818,-21.318023,77.2270295
Christina Thompson,78,1821 Mary Burg Apt. 297,West Gabriela,Maryland,41746,-28.403545,19.518574
Pamela Brady,52,4928 Moss Forge Apt. 321,Thomasborough,Kansas,76254,-113.559166,29.790849
William Lewis MD,40,931 Edward Bridge Suite 881,Christophermouth,Washington,69373,-148.501317,-18.6453775
Brad Frederick,39,5283 Tammy Road Apt. 190,Courtneyhaven,West Virginia,92089,-130.199837,-60.1174215
Matthew Waters,68,2286 Miller Roads,Michaelfort,Washington,18061,174.986552,-88.6882045
Nicole Edwards,57,664 James Springs,Gloriaborough,Maine,05664,-173.657824,24.209073
Robert Summers,27,4033 Decker Crossroad Apt. 799,New Yolanda,Rhode Island,43579,43.742641,-63.7832945
Michael Contreras,72,273 Pamela Circles Apt. 744,East Savannah,Arkansas,29542,38.558015,-13.093719
Christopher Perry,57,043 Diaz Creek,South Michele,Delaware,55251,52.397064,29.7836305
Mike Martin,75,958 Jeremiah Mission Apt. 926,Scottport,Virginia,81184,154.314107,29.2513885
Elizabeth Delgado,49,2425 Aaron Highway,West Sandra,Massachusetts,39560,118.330159,-73.296302
William Ellis,80,522 Goodwin Run,North Ariel,Nebraska,34054,-135.096366,-22.0744215
Eric Smith,47,2632 Jimenez Court Suite 109,Grayport,Rhode Island,42810,-77.480141,7.135177
Daisy Hampton,37,5061 Clifford Lodge,Lynnmouth,Hawaii,67313,177.5388,-41.466289
Danny Miller,35,28642 Richards Stream Suite 840,Port Nancymouth,Washington,95018,-55.867714,-8.4943545
Linda Cain,21,8595 Katrina Ville,Christophermouth,Pennsylvania,86296,-47.862192,80.2689065
Alexandria Anderson,31,89657 Bates Station,West Kylefort,Texas,01009,136.730327,-52.563486
Jacqueline Smith,51,89946 Jennifer Trail,New Josephchester,New Hampshire,50618,-171.832908,-76.416806
Joshua Saunders,48,694 Johns Ramp,South Michaeltown,Kentucky,73204,150.429597,-10.7012675
Wesley Garcia,56,7461 Mitchell Parkways,Lake Cindy,North Carolina,62384,18.933149,70.709813
Cynthia Walker,62,70686 Griffith Club Suite 007,Port Rhonda,Texas,14795,-48.072312,-62.802148
Daniel Kelly,41,06021 Mcgrath Port,Chrisshire,Arizona,58119,152.246065,-14.7014665
Ronald Parker,60,910 Harrington Crescent,Ramosbury,Missouri,98429,20.381367,8.852778
Susan Bradford,55,46406 Hurley Ranch,Sharonville,Kentucky,41162,-39.08585,-55.6545515
Ashley Palmer,77,10565 Austin Junctions Suite 194,North Joanna,North Carolina,21048,64.244442,-57.4709
Jessica Mathis,52,3693 Jones Passage,Graytown,Rhode Island,48488,-16.218557,-42.180452
Charlene Jordan,77,053 Joan Bridge,Lake Darrenfurt,Oregon,58112,5.835421,69.8337525
David Chang,67,7883 Garcia Plaza Apt. 895,Amychester,South Dakota,43628,-143.206545,-88.7468795
Elizabeth Jordan,42,21686 Calderon Islands,Port Michelleport,Arizona,94558,-161.72958,-61.085805
Darius Thompson,57,202 Jacob Underpass,New Theresaside,New York,29075,-130.869683,-70.0804485
Erica Shepherd,75,328 Devin Lights,North Randy,Alabama,23835,89.991841,17.223162
Travis Ortega,35,2715 Jacqueline Lodge,Willisport,Delaware,33853,-16.105997,-39.569171
Eric Taylor,41,309 Flores Walks Suite 434,Jamieburgh,Ohio,80141,-99.910366,-87.9932555
Lauren Stephens,32,508 David Mountain,Sanchezstad,Colorado,75670,-154.097808,-44.1119985
Joshua Munoz,78,3379 Brandt Orchard Apt. 794,Tuckerborough,Hawaii,52432,-78.527179,-81.9501995
Susan Hughes,55,78004 Michael Gardens Apt. 423,West Michael,Minnesota,20827,-40.457307,-88.466048
Megan Davenport,48,2356 Robin Court,North Gary,North Dakota,91589,44.339593,68.654583
Matthew Blair,74,35016 Stephanie Road,Lopezberg,Texas,09722,146.886593,-76.4576305
Justin Marshall,71,1461 Gibson Point,Port Brittany,Arizona,13024,27.514934,19.4448355
Andrea Banks,40,158 Adrienne Mount,Lake Richard,Rhode Island,96097,-78.255013,-26.089982
John Jones MD,44,1440 Brad Parks,East Brittneyland,Illinois,54663,174.351163,-18.4466145
James Williams,72,3155 Riley River Apt. 760,Port Daniel,South Dakota,37040,108.144342,65.7851305
Amber Shaw,29,096 Michelle Heights,Lisaland,Virginia,49850,-104.926751,-67.7896235
Elizabeth Miller,28,273 Michelle Cove,Hernandezstad,Minnesota,98029,-130.346092,3.990023
Carla Aguilar,36,45220 Robin Fords,South Jenniferhaven,Arizona,75795,-133.937768,11.3139975
Samuel Brown,70,6802 Catherine Stravenue,Reginaldstad,Georgia,16638,179.522237,-29.3504395
Lauren Ward,66,70701 Timothy Tunnel,East Vanessa,Delaware,65992,-38.524748,-85.601504
Brandon Howe,77,30667 Sanders Union Suite 758,Ballmouth,Alabama,16784,-2.633885,86.868567
David Gray,46,283 Heather Villages,Mcdanielside,Vermont,68244,-10.770343,-84.2385855
Ronald Simmons,54,197 Benjamin Hollow,Lopezside,Vermont,93715,-72.435101,5.479572
Cody Lane,77,393 Wood Summit,West Charlesside,Massachusetts,43470,87.96059,55.2062885
Daniel Larsen,56,658 Roberts Burgs,Hicksburgh,Idaho,77444,50.892154,18.3175105
Ashley Maldonado,21,7137 Brown Tunnel Apt. 575,New Ashley,Indiana,04180,102.342023,86.7640425
Leon Miller,39,575 Lamb Prairie Apt. 346,New William,Vermont,43619,-34.409401,28.113485
Brittney Daniels,61,50154 Craig Shoal Suite 120,South Amymouth,Maine,95669,143.439347,-76.923815
Jonathan Owens,59,858 Duncan Via,Jackville,Oklahoma,12410,134.739965,6.422021
Michele Bishop,63,069 Johnson Fall Suite 929,Lake Adrian,Illinois,29695,-60.148042,5.1029985
Dr. Nicholas Anderson,22,546 Brittney Club,Arthurmouth,Alabama,70680,-59.364118,86.509781
Rachel Johnson,21,28737 Catherine Expressway,New Tristanhaven,Nebraska,01129,59.102722,-50.3472565
Christopher Ward,78,972 Murphy Motorway Suite 132,New Alexis,Illinois,71833,-43.899942,-38.4678585
Gilbert Day,71,1563 Andrade Shoal Apt. 233,West Rachel,Hawaii,26201,121.492523,36.9109395
David Patterson,20,392 Cox Passage Suite 949,South Kayla,Kentucky,53379,-56.49491,-48.6674175
Christina Compton,58,1535 Smith Lights Apt. 926,Jillianberg,Louisiana,51995,-143.25425,8.54789
Annette Reeves,29,701 Johnson Circles Apt. 476,Lake Alicia,Indiana,24727,-92.014135,67.861125
Alexander Garcia,28,543 Martinez Mews Suite 647,Lopezville,North Carolina,89914,113.505515,59.9538015
Diana Merritt,51,108 Kathryn Throughway,Angelaberg,Nebraska,32316,-174.197086,-7.959501
Vincent Blanchard,51,1402 Ryan Knolls,East Brenda,Tennessee,10395,95.624881,-12.1367935
Joshua Anderson,27,88837 Jacob Squares,Jamesburgh,Virginia,68692,-112.925536,-85.2050635
April Keller,43,236 Miller Dam Suite 054,New Richard,New Hampshire,53788,-112.321045,-68.506862
Linda Willis,75,36747 William Bridge,Ellisside,Minnesota,00634,120.042091,44.9815155
Frances Fox,75,369 Hall Stravenue,West Alexander,Alaska,51465,-83.430009,74.7788935
Jade Schneider,73,97616 Wright Dam,South Steven,South Dakota,84146,91.021356,-12.91471
Vincent Simmons,23,164 Brittany Falls,East Luis,Texas,51643,56.674018,53.7786475
Zachary Oconnor,32,273 Olson Throughway Suite 112,East Alyssa,Washington,23737,-103.96448,-4.318771
Christopher Gibson,36,3768 Romero Unions Apt. 075,New Angela,Kentucky,44896,160.945574,-87.6447155
Brandon Michael,45,9604 Pearson Falls Apt. 855,Jillianville,Louisiana,96407,-132.265444,-68.539016
Sharon Compton,54,36060 Woodard Dam Suite 188,Cheyenneton,West Virginia,14997,-86.609944,41.837326
Carl Hale,65,50383 Levy Pine,Palmerton,Montana,89036,-100.416092,-58.7845775
Holly Snow,24,152 Davis Corners Suite 096,Robertmouth,Pennsylvania,78846,-57.190227,66.5330155
Michelle Moore,80,451 Salazar Centers Apt. 111,Christopherport,Wisconsin,53481,-162.741391,14.773002
Randy Alvarez,67,38858 Bird Mountains,Derrickshire,Oklahoma,85972,80.251577,-82.3873965
William Montoya,73,088 Randall Mountain Apt. 231,Clarkview,Illinois,99770,15.031415,14.849737
Brandy Martinez,26,92143 Emily Isle Suite 349,New Chad,Maine,27966,44.106944,62.0595205
Juan Jones,49,25568 Johnson Lake,Chamberschester,Massachusetts,78340,125.288378,78.9901075
Shane Williams,26,71724 David Station Suite 289,Lisaland,Colorado,58946,-148.521087,-43.4186955
Jackie Hobbs,68,380 Patterson Vista Apt. 508,Lake Amberchester,Indiana,39598,-41.481324,-14.9471605
Natalie Sanchez,52,9994 Houston Route Apt. 615,Erikborough,Vermont,82655,-121.407964,-62.8058425
David Miller,24,2057 Michelle Hills,Garnerview,New York,34441,-34.068158,1.319825
David Hanson,59,82605 Jessica Harbor Apt. 742,Morrisshire,Pennsylvania,31384,-23.368477,-88.3178225
Debbie Olsen,78,3434 Davis Pass Suite 114,South Kevinton,Alabama,25670,-113.348279,-19.532879
Bobby Bernard,76,589 Taylor Ridges Apt. 062,Clarkborough,Mississippi,10233,-77.211267,65.0491965
Michael Mccormick,51,30926 Anthony Neck,Michelleside,Kentucky,05689,-57.281375,59.6226295
Malik Dunn,79,9509 Adam Overpass Apt. 003,Lake Kelly,North Carolina,23597,153.61786,6.557794
Nicole Smith,23,8923 Calderon Radial Suite 608,Glenntown,New Mexico,23691,-79.366805,6.023
Meredith Garza,57,56568 Holly Villages,Wisestad,Missouri,69171,100.662344,32.517747
Ryan Miller,77,19033 Blackburn Squares,Jacobsville,South Carolina,19457,95.142121,24.020787
Jessica Bullock,19,774 Robert Villages,North Feliciaberg,Maryland,15036,-171.566041,22.279959
David Chen,44,268 Wayne Rapid Apt. 063,New Timothychester,Utah,51108,73.421305,-18.318262
Thomas Cooper,69,2983 Nelson Alley,South Matthew,Nebraska,92537,134.668737,-73.783009
Cameron Fuller,37,333 Burnett Passage,Harrisonville,Rhode Island,49064,123.768967,-15.6256535
Christopher Morales,32,090 Martinez Estates,Ianport,Virginia,95133,169.285848,21.1152135
Teresa Bates,71,99888 Christine Ranch Suite 247,Davisstad,Alaska,59357,36.573492,63.1606855
Lisa Barrett,19,768 Lambert Estates Suite 930,Melodyshire,Florida,58974,-163.790848,79.5943795
Michele Holt,32,86838 Stewart Forks,Port Tammyshire,Oregon,49065,60.177904,-55.036231
Diane Salazar,46,9792 Melissa Drive,South Karen,Wyoming,53067,-18.073755,-29.2311505
Kenneth Hurst,27,152 Daisy Stream,Cooperchester,Georgia,45687,-175.661001,88.33652
Jorge Howard,51,6690 Daniel Stream,Port Roger,New Jersey,14566,84.738271,86.39615
Rodney Reyes,34,164 Alexander Mount,New Davidfort,Arkansas,23491,89.35714,-5.439862
William Deleon,54,946 Hamilton Coves Apt. 844,Nashfurt,North Dakota,28646,-67.137607,80.9890155
Zachary Russell,75,48262 Hill Meadows Suite 830,New Jill,Maine,17826,-174.27314,-41.775285
Angela Scott,34,633 Steven Fields,Codyburgh,Oregon,43318,174.65268,-3.6568405
Michael Hanson,21,12865 Brown Squares Suite 238,West Melissaland,North Carolina,58625,-23.120972,27.078459
Mrs. Andrea Davis,51,018 Mitchell Parks,West Chad,South Dakota,73579,68.456469,-40.1156005
Richard Bailey,55,62828 Anderson Freeway,East Judyville,Kentucky,04601,71.715111,69.2765185
Brittany Mathis,45,579 Nunez Pike Apt. 507,Erictown,Alabama,64452,88.850945,34.0920065
Joseph White,67,069 Farrell Square Apt. 728,Lake Stephanieview,South Dakota,11447,164.623978,-11.571953
Marie Lane,32,6246 Timothy Brook Apt. 798,Port Gwendolynberg,Alaska,49279,55.442954,-15.9623535
Carol Cannon,68,297 Chelsea Station Apt. 420,Natalietown,Idaho,90494,-159.760939,-4.3669285
Nicole Murphy,28,9145 Walters Forges,Josephfort,Maine,01547,-27.974099,80.542865
Deborah Preston,49,130 Sarah Dale Suite 439,New Sarah,New Mexico,19143,-75.805247,45.944411
Jacqueline Bennett,36,540 Higgins Islands Apt. 362,Colleentown,New York,86544,-109.38132,10.165887
Christopher Cole,74,4899 Weber Prairie Suite 595,Bonnieborough,Florida,93060,119.877365,-28.3949775
Brittany Walsh,48,094 Boyd Squares Apt. 559,North Jennifer,Arkansas,83719,50.256708,89.1280445
Jennifer Murillo,46,047 West Meadow Suite 617,Johnsonside,Kentucky,09729,120.647173,13.7751495
Maria Gutierrez,52,2085 Edgar Light Suite 807,Lake Darrell,Missouri,40300,165.154415,61.847989
Monica Ramos,76,479 Ryan Lock,Lake Sharonstad,New Mexico,74242,-101.890596,31.2833105
Charles Williams,20,54687 Debra Street,East Austinport,Maryland,13453,73.315639,10.8849965
Kimberly Brown,19,6546 Donald Mountain Apt. 358,Port Elizabeth,Louisiana,02420,30.610954,-10.106476
Mason Clark,50,22791 Maria Stream Suite 517,West Pamelaberg,Hawaii,71370,-147.699665,61.031566
Amanda Burns,64,2851 Anderson Lights Suite 228,Lake Patriciaton,Utah,50954,160.876863,-33.742171
Paul Richards,79,2039 Laura Knolls Suite 019,New Nancyshire,Delaware,93510,148.84121,-70.303621
Julie Martin,34,44074 Melissa Plaza,Andrewberg,Wisconsin,93826,26.116476,-31.9945265
Walter Leach,62,5026 Dawn Views Apt. 543,West Michaelchester,Ohio,97973,84.554929,60.681267
Jason Rodriguez,59,42899 Kristen Shore Apt. 002,Wheelerfurt,Indiana,21581,1.151686,10.293132
Charles Warner,68,60834 Patrick Squares,East James,Delaware,80031,120.671358,34.1871735
Dr. Joshua Mcconnell DVM,56,189 Buckley Corners,Jamesfort,Maryland,85937,18.607564,18.472175
Kathy Jones,61,601 Julian Gardens Suite 094,East Paul,Idaho,96929,-58.851922,-34.3380915
Charles Welch,73,216 Hill Fall Apt. 300,Hammondfurt,Vermont,58531,167.211492,88.4882255
Cynthia Warren,69,77210 Hines Turnpike,West Hayden,Connecticut,08441,-43.504379,-69.7900305
Nancy Richardson,50,024 Adams Skyway,Bakerton,Utah,75197,93.017085,-11.831162
Deborah Parker,45,69711 Ryan Ridges,Nataliefurt,South Dakota,26002,89.971331,-15.4065465
Jonathan Ramsey,34,913 Chapman Manors Apt. 916,South Dakotamouth,Maryland,52227,-85.763541,-67.190653
David Booker MD,62,3242 Spence Creek Apt. 282,Port Anitachester,New Jersey,11228,-123.020139,30.891343
Brian Johnson PhD,68,635 Sherri Walk Suite 633,South Erikaside,Nevada,30781,-102.939535,-46.2280465
Laura Davis,60,470 Sanchez Crest,Johnsonfurt,Delaware,61607,-129.550261,-7.6640295
Heidi Jackson,51,2062 David Bridge,Jeffreymouth,Iowa,38465,-13.745368,84.651365
Mary Huynh,34,3579 Wilcox Mountain Suite 665,East Marissa,South Dakota,97001,-22.192091,37.474663
Teresa Rollins,40,534 Brenda Court Suite 669,Floresside,Illinois,71018,-78.626831,29.769156
Danielle Wilkerson,72,105 Edwards Streets,North Jenny,New Jersey,91685,-76.545896,-60.1647205
Michelle Miller,46,600 Melissa Estate Apt. 606,Jenniferfurt,Wisconsin,15825,-110.102835,-42.5529025
David Stewart,47,01313 Burton Inlet Apt. 198,Toddbury,West Virginia,97099,-95.123331,-69.9474805
Theresa Perez,77,637 Jonathan Port Apt. 002,Warnerton,Arizona,47026,125.991106,-36.7122915
Ashley Coleman,66,798 Keith Viaduct Apt. 986,North Stephenview,Massachusetts,42621,-8.904918,68.620699
Heather Herrera,22,5327 Laura Pine,East Jacobville,Oregon,22690,82.620492,-73.259015
Claudia George,33,9457 Paul Curve Suite 127,North Shaun,Florida,27419,-57.469123,49.8657305
Kristine Garcia,24,603 Jennifer Key,South Edwardview,Kansas,16916,26.207395,44.5119165
Suzanne Hines DDS,19,830 Little Fall,Port Gregory,New York,18355,83.36466,44.0404
Jessica Hall,59,28880 Crystal Track Apt. 392,Juanberg,Hawaii,27407,-169.583752,11.631253
Clinton Townsend,27,617 Robert Inlet,East Richardtown,North Dakota,68274,174.376387,74.5034035
Lisa Mitchell,29,5039 Joseph Meadows Suite 290,Tranville,Alaska,01806,47.150914,36.533364
Anna Walker,42,22042 Beck Garden,Jacksonburgh,Georgia,52693,-121.607582,-18.1947055
Jamie Johnson,34,20771 Jones Forks Apt. 956,Oscarville,Connecticut,71177,8.327646,62.573328
Russell Allen,22,70358 Williams Mountain,Robertmouth,Utah,35499,-45.120824,-59.777349
Ronald Villegas,20,87909 Whitney Loop Suite 617,Kaylaberg,South Carolina,80917,152.087174,-19.1138755
Raymond Smith,46,805 Mary Inlet Suite 238,Stevenmouth,Alaska,51432,121.214786,-60.878453
Randy Roberts,40,3049 Lauren Landing Apt. 919,West Blakestad,Illinois,44706,173.163876,-42.8715175
Adam Thomas,45,22322 White Key Apt. 631,Mirandahaven,Alabama,40426,179.828114,-82.0415285
Tammy Dunn,21,947 Schultz Pass,Kelliport,Colorado,51766,-39.678906,68.9921495
Stacy Ortiz,70,4247 Raymond Estates Suite 714,Tiffanyfurt,Florida,05487,113.675549,86.99017
Ian Clark,74,35797 Morris Orchard Apt. 229,East Benjaminburgh,Delaware,43800,-67.031884,56.3044505
Jennifer Ramos,72,27907 Marissa Mews,West Tristan,Alaska,05950,-101.091522,-64.643166
Daniel Norris,74,6606 Eric Lake Suite 313,East Dianaland,Wyoming,94781,148.189054,26.109211
Brett Hamilton,41,74471 Tracy Mountains Suite 886,Williamsport,New Jersey,00914,-62.547189,81.689917
Brittney Carlson,29,5518 Wilson Ports,South Cynthia,Virginia,80060,-157.616457,76.5234295
Monique Pena,43,390 Roberts Path Suite 739,Mcdonaldmouth,Delaware,87179,10.609754,40.8844025
Angela Erickson,55,37782 Matthew Plains,Nicolestad,Massachusetts,62094,61.222998,-42.585255
Elizabeth Taylor,42,0211 Jacob Burg,Bauermouth,North Dakota,76838,11.075768,32.207047
David Ryan,35,458 Allen Ford,Klineberg,New Jersey,23921,-100.32472,32.0667875
John Allen,64,9527 Reed Curve Apt. 493,Port Marctown,California,08217,113.448374,53.7329235
Dr. Raven Jefferson,66,7748 Matthew Ford Apt. 896,Audreybury,Oklahoma,41008,162.014359,-83.7963895
Andrew Rose,61,043 Erin Causeway Suite 503,Lake Philip,Utah,81611,-161.115939,-6.1962705
Rebecca Huffman,22,3899 Perry Stravenue,New Michael,Oregon,01330,79.379309,11.230574
Adam Johnson,70,887 Eric Burgs,Joeburgh,Georgia,12017,102.362513,41.22344
Kyle Wallace,35,3998 Stephen Ways Suite 878,Martinview,Maryland,41244,92.034328,40.861747
Natalie Scott,74,8488 Jessica Row Suite 555,Kimland,Nebraska,00881,-13.052815,10.398833
Gregory Grimes,26,17296 Samantha Square,Jeffreyton,Missouri,84705,-29.029392,73.3936435
Brian Good,76,6650 Ellis Dam,Brownmouth,Texas,27820,-121.329864,-13.1812985
David Woods,25,4987 Tracy Springs Apt. 429,Finleybury,South Carolina,41519,92.355393,-54.2847105
Lisa Perez,33,7564 Denise Pass Apt. 502,Lopezport,Colorado,37289,-18.939059,82.0050325
Regina Dixon,25,360 Michael Radial Suite 450,East Lisa,Alaska,95264,-119.224364,-82.8856145
Kristin Morgan,19,01313 Moore Groves Apt. 917,West Lee,Connecticut,28735,83.180621,37.0372985
Katrina Cox,50,82274 Schwartz Overpass Suite 769,West Catherineborough,Louisiana,39472,-104.578502,82.025073
Katherine Bruce,36,1919 Rachel Dale Apt. 226,East Joel,Iowa,07481,134.427753,23.9638175
Henry Anderson,18,7965 Daniel Pines,Williamschester,Nebraska,84610,92.976848,-77.444914
Caleb Collins,66,578 Allen Forge Suite 708,Baldwinfort,Connecticut,69837,-124.170284,-77.086806
Janet Smith,46,46463 Smith Walks,South Katelyn,Massachusetts,04870,-105.397682,-64.183436
Adam Jones,34,2933 Traci Vista,Russellshire,Michigan,05068,-133.442162,-58.1216295
Chad Rodriguez,33,93003 Wilkins Estates,New Nicoleton,Pennsylvania,01065,-99.375061,53.14612
Todd Hendricks,56,09243 Garcia Locks,Benjaminhaven,Arkansas,88528,-54.791282,87.2188085
James King,27,4856 Steven Prairie,Kimberlyshire,Michigan,24284,61.882463,78.328153
Charles Porter,18,47714 Susan Court,Cardenasfurt,Maryland,81312,9.878808,-44.3835175
Bruce Harris,57,69853 Norton Pass,Lake Jasmine,Maine,76094,46.947381,52.7106415
Charles Flores,57,1008 James Estate Suite 968,Lake Davidland,Colorado,65711,-22.09924,85.50354
Jeremy Keith,29,8310 Walter Creek,North Sandraton,Arizona,78204,-45.50756,-56.843117
George Greer,51,426 Susan Lakes Suite 819,Morrisonbury,Hawaii,52673,122.183133,9.3534775
Daniel Ramirez,49,86233 John Estates Apt. 174,Port Brianberg,West Virginia,37546,11.101674,-29.452792
Gabrielle Chambers,64,58463 Matthew Rapids Apt. 566,Moorestad,Maryland,75282,62.8498,-17.319481
Shawn Arroyo,76,4250 Mahoney Shores,Mossville,Utah,24363,-17.804043,75.234696
Marvin Craig,38,662 Duncan Crossing,Denisemouth,Massachusetts,86560,36.841831,74.5372105
Steve Pittman,47,235 Keith Bridge Suite 658,Port Ivanland,Michigan,89609,177.324813,-4.0820225
Alison Martinez,43,8779 Rita Mission Apt. 660,Melissafort,New Mexico,30862,-46.827073,-67.922068
Frank Levy,54,130 Weaver Orchard Suite 488,Scottport,Tennessee,41025,147.070582,-12.267984
Felicia Rice,25,5645 Richard Ranch Apt. 268,Port Karenton,Oklahoma,49184,73.57587,52.166012
Dennis Webb,29,57264 Perez Parkway,Adamfort,Tennessee,85144,161.455775,50.9654985
Gary Durham,71,3119 Rachel Ways,Caitlynfort,West Virginia,26499,44.660863,-87.168093
Casey Simpson,39,468 Lee Mall Suite 429,Danielbury,Massachusetts,66049,164.04542,2.627475
Garrett Jones,29,763 Monica Flat Suite 316,Ramirezshire,Indiana,70315,-106.518415,60.933302
Lisa Patterson,69,025 Kristin Manor Suite 826,Port Marc,Alaska,54858,-17.933404,-46.5608955
Destiny Diaz,25,917 Rush Tunnel Apt. 297,Lake Melissa,North Dakota,48501,136.226227,-4.8972565
William Morales,20,26299 Garcia Glens Suite 021,Marqueztown,Colorado,25835,29.116185,66.1459955
Richard Thornton,52,124 Sharp Village,Melissaport,Arizona,58427,-9.627952,-66.491362
Jordan White,76,74744 Young Avenue,Matastad,Maine,13015,-48.305928,-46.920877
Kevin Hernandez,64,76385 Mary Locks Apt. 054,Port Garyland,South Carolina,74714,-164.821707,-44.170603
Jennifer Wells,22,80088 Bruce Bridge Apt. 916,Robertbury,Oklahoma,55975,178.246883,71.4406985
Eric Hernandez,62,569 Williams Forges,North Petermouth,California,40865,157.415166,67.8189215
Francisco Boyd,64,89547 Brown Manors,Griffithside,Illinois,11443,-159.336956,-89.8768005
Madison Clarke,60,029 Brown View,West Mark,Montana,79668,9.096416,-75.2439435
Tiffany Tate,76,14652 Cline Underpass,Lake Alyssa,Oklahoma,75502,-113.294285,-22.3280505
Matthew Anderson,58,526 Moyer Mountains Suite 338,Lauramouth,Indiana,58702,178.582905,-54.146217
Chelsea Johnson,43,55911 Samantha Mall,North Monica,Texas,43155,100.607338,8.8013845
Mary Marquez,79,364 Colin Place,North Joshuatown,North Carolina,44262,118.142193,-78.1394045
David Webster,53,0003 Lynn Ports Suite 811,North Darius,Texas,88049,101.176876,51.461041
Rodney Turner,55,4869 Barber Ferry,Lake Kathleenborough,Mississippi,80411,50.551384,-10.919835
Andre Lee,43,9688 Joshua Burg,Hernandezland,Arkansas,14468,152.172155,-77.529351
Jenna Stewart DVM,71,12793 James Inlet,Jamesfurt,Georgia,38022,150.54451,-78.9376305
Mark Martinez,18,87387 Hart Island,East Paula,Nebraska,49569,156.438965,-42.0935615
Dr. Cynthia Shaw,28,4241 Blair Hills,Port Garymouth,Rhode Island,01723,82.411707,40.227775
Caroline Williams,40,76687 Friedman Oval Suite 743,Elizabethchester,Tennessee,94264,-115.618921,65.589483
Marvin Flores,79,088 Wilson Mission,Frostshire,Texas,13166,173.631503,-27.6538895
Calvin White,42,873 Wright Island Apt. 741,Williamsport,Iowa,62065,46.244409,69.7586825
Allison Smith,69,109 Stevenson Manors,Lake Megan,New Mexico,65690,111.07522,-47.1542045
Jeffrey Allen,54,9027 Stacy Trail Apt. 397,Owensmouth,Indiana,56651,-96.327664,23.3666975
Lauren Sherman,41,90277 Brenda Lane,Lake Kathleenchester,Wyoming,35148,10.089238,86.530369
Andrea Schultz,50,700 Alexandra Points,South George,Montana,44119,-38.867549,37.649562
Eric Hammond,48,332 Amber Dale Apt. 935,South Justin,Iowa,46336,120.449464,12.405833
Timothy Black,25,14277 Smith Lodge,North Erinburgh,New Mexico,09063,157.502025,-53.926605
Gary Branch,77,75742 Felicia Islands,Shermanhaven,Nebraska,27200,-22.23654,-54.2195195
Linda Thompson,79,004 Foley Square Suite 588,Alexanderbury,Kansas,22421,-159.173052,-76.0495985
Ryan Gray,44,92532 Castro Mount,East Teresa,Connecticut,68783,-136.765191,49.014938
Robert Burgess,25,872 Monica Lake,Dudleyburgh,Wisconsin,50770,-71.927139,82.5822655
Douglas Goodman,50,484 Gibbs Prairie,Johnborough,Massachusetts,35747,-24.753493,-3.2321405
William Russell,30,266 Brittany Via,South Kaylaville,New Mexico,02438,-1.296049,-17.096604
Erica Johnson,70,1699 Melanie Walks,Johnsonside,Arkansas,86379,-41.850198,-16.720271
Marvin Pierce,29,118 Jefferson Street,Johnsonside,Mississippi,56990,-150.033937,-12.0472585
Mark Hall,50,726 Sergio Lakes,Weberburgh,Colorado,32474,-11.38267,89.563821
Samantha Reyes,41,33335 Brenda Plaza Suite 004,Cindyton,Minnesota,38289,-45.229919,-58.3106755
Blake Newton,74,799 Chris Mountain Apt. 746,East Kara,Indiana,21529,169.13614,-50.295229
Dr. Tina Cobb DDS,73,948 Valerie Key,Williamsmouth,Vermont,56346,-23.184551,77.281352
Michael Norris,43,87573 Chris Springs,Johnmouth,New York,33178,89.437921,39.6829795
Richard Moore,38,0759 Fisher Garden Suite 193,South Chloe,Arizona,31274,101.312546,14.1921765
Ricardo Hendrix,45,4532 Joseph Divide Suite 719,North Rebeccaton,Connecticut,28781,-48.358603,-89.0845865
Jeffrey Garcia,34,41636 Ryan Centers,West Lisa,Alaska,78653,93.484414,76.718941
Kimberly Campos,71,378 Gonzalez Cape,North David,New Hampshire,21834,146.915737,-69.0386875
Ricky Harris,25,97459 Adam Trace Apt. 490,Holmesville,Virginia,57993,59.720193,3.652761
Brian Jones,19,133 Gay Mission Apt. 402,Port Debrafort,Florida,49357,117.871551,49.480238
Christopher Monroe,76,59210 Debra Corners,North Jeffreymouth,Wisconsin,82533,-71.454564,40.0147595
Austin Clements,32,12524 Clark Stravenue,Taylorside,Mississippi,67450,119.874165,-36.0126605
Ryan Hubbard,29,33968 Cole Burgs Apt. 992,Lake Jamie,Maryland,41196,78.102627,-53.2863335
Sarah Ibarra,28,7845 Karen Summit Suite 304,North Karen,North Carolina,98162,-82.662528,29.615187
Joseph Lamb,45,858 Becker Walks Suite 251,North Jasonland,Washington,28769,20.445424,34.423993
Blake Velazquez,35,43935 Peter Brook,Mcdonaldchester,Missouri,35503,-6.670607,76.090801
Cassandra Hill,66,7675 William Points Apt. 019,New Christopher,Nebraska,17072,-55.78725,69.856015
Vanessa Newton,72,03353 Patrick Stream Apt. 184,Gonzalezborough,Georgia,14663,112.996411,21.6181075
Mary Gutierrez,80,289 Weeks Parkway Suite 250,Melindaside,North Dakota,37861,4.744136,-16.6217445
Matthew Johnson,63,81594 Bridget Forest Apt. 997,West Jasmine,Arkansas,34530,60.609244,72.2974
Robert Thomas,67,66191 Andrew Creek,East Danielchester,Hawaii,22844,-41.467632,6.929669
Sandra Nguyen,54,07081 James Parks Suite 827,Joneschester,Washington,20950,-53.22551,-34.4151675
Kendra Hernandez,33,0425 Madison Isle,Dannybury,New Jersey,61637,81.68105,-35.877499
Tara Fischer,43,11263 Miller Oval,Marcburgh,Michigan,12382,155.520928,7.1772465
Timothy Bennett,55,288 Berry Summit,Jacobburgh,Montana,65786,-126.47587,-17.8677
David Vance,50,0665 Hughes Overpass Apt. 729,Port Edwardshire,Oregon,93500,150.900296,71.504596
Kyle Walker,64,8095 Fischer Extension,Torresmouth,Louisiana,73269,75.926117,-18.212047
Amy Strickland,28,57962 Anna Wells,Reynoldsfort,Maryland,72173,-154.766592,64.728581
Donald Henry,74,0366 Thomas Throughway Suite 535,West Cynthiamouth,Utah,56059,43.802855,86.357431
Yvonne Smith,58,291 Henderson Heights Apt. 115,Susantown,Montana,91970,-162.343489,-26.300335
Mrs. Tiffany Nielsen,36,550 Singleton Harbor,Mauriceview,Florida,53620,-83.661305,-10.597556
Meredith Barnett,33,66867 Mitchell Points Apt. 872,Lake Cindy,Georgia,73396,-173.587599,-17.046299
Rebecca Evans,79,709 Horton Avenue Apt. 606,Turnerside,New York,60014,120.062736,85.0586555
Amanda Garcia,60,605 Jose Viaduct Apt. 027,Martinezshire,Mississippi,22766,88.929455,-55.4563785
Richard Jones,43,0882 Jeanette Green,Harrisberg,Minnesota,20511,33.367193,22.4088445
Tammie Wheeler,47,17025 Norma Hill Suite 570,South Jessica,South Carolina,01734,0.666326,-83.204536
Sarah Smith,64,617 Kelsey Rest Suite 670,Lake Ricardo,South Carolina,51366,-27.723734,37.0481725
Julia Ortiz,79,6050 Crawford Cape,Salazarview,North Dakota,19043,-108.532107,-3.9234045
Jessica Marshall,36,04733 Susan Gateway Suite 057,Haynesshire,Arizona,92038,-112.462143,-20.0740855
Brian Horton,35,944 Bonnie Island,Hallport,Virginia,18558,38.94322,-34.842005
Dustin Edwards,57,86412 Johnson Flats Apt. 389,Christyborough,Idaho,30977,68.49017,43.5997265
Heather Mercer,67,617 James Drives,Barberville,Maine,87026,-52.899535,64.3957545
Brandon Vargas,61,1610 Robert Gateway,West Manuelland,Nevada,72329,48.725748,-2.074085
Jordan Simmons,70,060 Deleon Camp,West Jamesfurt,Missouri,46079,-101.509819,11.393271
William Diaz,53,6770 Samantha Field Apt. 924,North Davidstad,Kentucky,42318,-83.008782,17.193957
Hannah Smith,26,0313 Nicole Shore,Harrismouth,Nevada,31748,38.337431,84.45696
Mario Meyer,49,5057 Walter Shoals,Lake Louis,Maine,78964,-65.945535,-72.0122545
Christine Torres,57,41686 Patricia Dam,South Colinmouth,Vermont,62949,41.058517,13.315919
Jason Lee,27,4844 Alexis Prairie,Brianmouth,Colorado,73177,-142.033672,42.0953615
Kevin Austin,70,875 Michael Squares Apt. 610,West Charlene,Oklahoma,96324,-90.12561,-27.2314365
Heather Williams,22,1373 Kline Stream Apt. 811,South Daniel,Michigan,80079,20.664167,-53.916675
Jermaine Berger,72,5676 Mike Flats Apt. 783,East Margaretstad,Kansas,99590,-94.944717,-50.383025
Robert Cruz,51,3284 Melissa Park Apt. 389,Garciaview,Iowa,34095,179.253441,-10.0368395
Brian Knox,74,56745 Williams Valleys Suite 317,North Terry,Wisconsin,09472,-2.542698,-35.3310095
Christopher Collins,67,372 Taylor Branch,Cameronshire,Vermont,95219,-140.149412,73.862659
Nicolas Strong,27,003 Thompson Viaduct Suite 766,East Andrewside,Kansas,79802,179.383027,-82.086577
Blake Ross,76,4728 Cameron Drive Suite 997,Stephanietown,California,23420,-54.989793,7.2227055
Jaime Brandt,37,1170 Merritt Gateway,East Richard,North Carolina,34096,173.483387,-83.597814
Daniel Blair,27,3760 Debra Point,Mccarthyfort,Utah,24891,-51.584714,-14.1782045
Richard Morgan,59,33430 Hernandez Ports,North Alexisbury,New York,20238,35.992833,68.1238745
Jennifer Dominguez,29,339 Sarah Corner,Johnsonville,Nevada,92113,-10.281868,77.7335795
Robert Luna,42,82739 Jennifer Station Apt. 668,Port Edwinhaven,South Dakota,53769,-177.589918,81.3573865
Jamie Doyle,45,9512 Boyd Points Suite 799,Figueroabury,Maryland,94487,-119.826513,39.776957
Bridget Sims,65,8349 Randy Summit,Freemanborough,Illinois,91439,-77.622961,-81.7398275
Alexandria Stone,67,1698 Shane Motorway Apt. 316,East Sydneymouth,North Dakota,49215,158.435033,79.414806
Jessica Moses,18,75816 Jenna Fort Apt. 048,Martinezberg,North Dakota,44095,-144.189394,-10.4013865
Connie Ramirez,62,893 Weaver Way,Brittanyton,South Carolina,91762,-70.74711,-87.9229105
Arthur Bruce,47,1354 Jennifer Ridge,Jeremyport,Alabama,64894,33.493718,-79.0624995
Wesley Velazquez,21,418 Franklin Tunnel,Alexanderport,South Carolina,55446,42.270375,86.810654
Brittany Watts,28,20211 Mike Glen Apt. 343,North Sarah,Massachusetts,69149,45.305281,5.506586
Justin Anderson,22,62505 Cabrera Springs Apt. 044,Nicoleland,New Mexico,42432,156.375622,-3.568357
Robin Mcneil,47,876 Kathryn Garden,Micheleville,Maryland,55135,-78.182928,16.2505925
Haley Luna,43,07260 Elizabeth Rest,Kristenstad,Vermont,69700,-8.316198,-30.4854245
Perry Serrano,24,0982 Thompson Parkway,Ashleyshire,Rhode Island,41900,87.378838,-8.619918
Brittney Reynolds,76,9103 Veronica Burg,Smithberg,Nevada,76663,-119.435798,63.319836
Samantha Davis,18,82582 Hutchinson Street Apt. 160,New Julie,Maryland,72330,77.044776,-57.455471
Bryan Mills,21,70460 Deborah Rapid,Ramosville,Pennsylvania,07521,-143.379012,62.8227375
Elizabeth Nelson,77,268 Flores Lock,South Christina,Texas,94389,100.488194,-3.296937
Sierra Huff,70,67680 Gutierrez Lakes Apt. 345,Port Derek,Massachusetts,42546,132.297201,69.244536
Dennis Walker,54,1161 Clifford Rapid Suite 915,South Shannon,Michigan,67278,169.683385,-79.878482
Michelle Goodwin,60,97379 Bautista Crescent,Port Jessicafurt,Rhode Island,23414,94.171434,-60.2580885
Allison Porter,32,4071 Anthony Gardens Suite 942,East Sherry,Oklahoma,45499,8.043139,53.831352
Brian Bailey,48,14506 Gill Underpass Suite 838,New Katrinafort,North Dakota,26358,84.221759,-45.977246
Michael Irwin,30,644 Hall Tunnel Apt. 147,New Jeffrey,Pennsylvania,57691,129.978116,-5.323852
Ashley Mcclain,23,74154 Taylor Springs Suite 144,Kingborough,California,28385,141.155923,64.0407625
Jessica Harvey,70,52447 Heather Forges Apt. 757,South Frank,Kentucky,76512,68.297427,78.6269785
Tiffany Petty,74,7471 Ryan Via Apt. 004,Brianhaven,Indiana,25710,123.340419,54.1787555
Steven Rojas,79,26476 Robinson Branch,Port Leah,Georgia,12343,83.785886,57.3029655
Shawn Mills DDS,35,972 Roberts Center,Lawsonville,Illinois,05900,144.745729,-25.1923705
Daniel Rowe,80,683 Annette Hills Suite 723,New Brittneymouth,Mississippi,29052,53.479977,66.1573365
Michael Mooney,60,276 Michael Orchard,Brownhaven,Arkansas,38158,175.088762,-17.8146505
Jose Edwards,25,09408 Watkins Mountain Suite 871,Cruzhaven,Kentucky,44248,33.445482,72.7254225
Raymond Butler,58,708 Lisa Green Apt. 354,Lake Michellehaven,North Dakota,67277,6.142504,-2.7395395
Debbie Williams,65,8840 Elizabeth Point Suite 294,Griffinhaven,Missouri,94352,-23.727009,-86.1403415
Lisa Carroll,40,31188 William Circles Suite 642,Port Markmouth,New Mexico,96878,173.051828,-70.554781
Ronnie Ingram,25,721 Richmond Fall Suite 305,Lake Francesview,Alabama,74171,45.388837,-50.964037
Krystal Clark,28,8244 Williams Route Suite 804,Gouldborough,Indiana,73008,89.563095,9.642224
Christopher Wilson,53,61601 Vanessa Circles Suite 364,Port Taylormouth,Michigan,37828,43.228597,-45.2060535
Renee Davidson,47,8951 William Rapids,Lake Jason,Ohio,91054,-52.398955,-48.487896
Frank Hernandez,64,27656 Denise Ridge Suite 393,South Brittany,Pennsylvania,05028,-43.900541,-74.1662135
Jacob Clarke,29,047 Patricia Tunnel Apt. 385,Lake Sarahborough,Delaware,48646,-34.93622,77.475448
Matthew Hobbs,27,71505 Mays Road,West Ashley,Indiana,55288,89.724658,71.6554
Jennifer Stein,38,407 Chase Crest,North Melissamouth,Alabama,05069,31.746059,-56.5849795
Kimberly Mills,21,6998 Wilson Forge Apt. 308,East Shannonview,Washington,13988,62.388735,47.8156215
Erik Salinas,19,007 Heather Way Suite 748,Stevensborough,Hawaii,63811,-78.973055,-61.6813095
Jennifer Sanders,75,7324 Patrick Square Apt. 648,Jamesfurt,Nebraska,30442,-101.739144,6.3693335
Vincent Campbell,50,70054 Arnold Forges,Jennafort,New Jersey,74726,-9.313763,-4.7752855
Brooke Myers,22,4623 Jeffrey Forges,Lorichester,Nebraska,22222,165.97152,86.296081
Kelli Duran,77,80975 Sherry Junction Suite 356,Thorntonmouth,Vermont,33790,139.479241,-73.127925
Diana Clark,39,6593 Nathan Camp Suite 199,Thomasshire,Louisiana,91718,5.049464,-65.905686
Gary Lucero,47,56831 Brown Neck,Sarahton,Colorado,26624,37.580466,-1.4769085
Wayne Curtis,52,17696 Gardner Path,South Tammystad,Pennsylvania,52165,149.894568,-2.4527965
Charles Moreno,39,6157 Karen Port,Davisshire,Virginia,82845,44.853613,37.6996145
William Watkins,77,976 Michael Club,Port Sherri,Ohio,59283,21.93915,4.8582815
Nichole Huff,54,92713 Jones Village Apt. 740,Port Brittany,Maine,61791,-43.386417,74.8537775
Jeffrey Herman,66,786 Bradley Courts Suite 396,Michelleland,New York,23458,66.533314,70.408588
Tracey Brown,50,63723 Walker Mill,Port Richard,Montana,12472,-94.757513,-36.2332165
Kim West,75,812 Carey Streets,South Kimberlyland,Tennessee,17683,177.542792,-85.939409
Tim Martinez,60,1321 Amy Mountains Suite 483,Harrishaven,Rhode Island,14002,7.519062,-82.971184
Michelle Johnson,49,035 Allen Mountains Apt. 150,Kyleville,New Jersey,73679,-57.866765,32.232832
Richard Cameron,58,32889 Jeffery Valley,Welchtown,Michigan,26005,156.822599,75.5687325
Jason Smith,25,57152 Brian Pike,East Kristen,Louisiana,84501,168.730122,-25.737389
Joy Cole,59,594 Williamson Wells,West Aaron,Texas,45449,-33.902663,-24.4153675
Kristine Baker,36,80485 Smith Ville Suite 947,New Thomasshire,Vermont,44716,-82.191343,15.5412825
Shelby Bender,36,7769 Faulkner Track,East Robinbury,Missouri,93206,-4.54841,41.0077155
Jessica Booth,22,574 Cook Curve Apt. 572,Donaldchester,North Dakota,23147,-160.44346,-89.14345
Bryce Terry,22,2149 Olivia Place Apt. 733,Hoganberg,West Virginia,80658,134.242503,82.8985195
Jeffrey Rowland,41,61675 Christopher Cliff Suite 198,Port David,California,64650,-74.164399,0.439568
Laura Walls,80,909 Joseph Inlet Suite 905,East Kelly,Maryland,46778,-21.767891,-57.6198695
Rebecca Wilson,74,0640 Alejandro Hollow Apt. 427,West Stephaniemouth,Maryland,91612,121.559679,25.773632
Robert Richardson,70,681 Martinez Forge Apt. 022,South Dianeside,Kentucky,49871,115.704095,-33.974045
Jerry Higgins,20,34238 Marc Forks,Hollyport,New York,42945,47.045394,-72.305739
Elizabeth Thompson,70,8852 Gutierrez Squares Apt. 659,Port Williamside,Alabama,51343,95.93149,-54.8620215
Gene Gonzalez,41,0361 Robert Streets Suite 804,West Joeltown,North Dakota,59913,167.237654,-76.0840655
April Castro,53,546 Duncan Keys,West Christopherstad,Oregon,85879,-69.906752,-86.783114
David Williams,64,3188 David Causeway Apt. 900,Elizabethhaven,Oklahoma,25033,6.729672,-15.81698
Frank Willis III,18,9247 Rodriguez Pines Suite 491,Port Bradley,California,76124,-130.291344,-42.141145
Diane Baker,62,3455 Ellen Harbors,Sandrahaven,Wyoming,25134,-138.739808,-8.7242395
Juan Wilson,51,4721 Baker Bypass Suite 981,Tamibury,Wyoming,19748,-130.245728,49.724909
Michelle Schwartz,69,4726 Douglas Passage Apt. 914,Jenniferburgh,Maryland,58347,127.226704,-8.564234
Lisa Clark,57,1477 Peter Spring,Lake Maria,Iowa,78391,-127.368703,-34.4975295
Brooke Johnson,25,791 Gonzales Overpass,Danielmouth,West Virginia,69496,-131.334185,63.842896
Daniel Wright,54,91226 Lee Burgs Apt. 175,Darrenville,Arizona,86929,92.949912,-29.471821
Alex Phelps,73,360 Cervantes Green,Marvinburgh,Florida,85007,-135.791394,-17.2801375
Laura Barr,51,41661 Michael Club Apt. 913,West Michael,Maryland,11072,-176.445407,-68.930977
Theresa Moore,23,7999 Sullivan Walks Apt. 878,Edwardsbury,Missouri,02644,-105.46827,73.205169
Michael Smith,74,535 Jon Ville Suite 956,Payneside,New York,44237,10.729836,-71.069033
Leah Gray,55,913 Betty Course,West Ryan,Florida,57984,-98.884508,48.972684
Jennifer Frye,27,8539 Thomas Drive Apt. 105,North Nathan,Oregon,23344,-178.520794,44.215034
Ashley Mckinney,47,77668 Alyssa Villages,West John,South Carolina,15762,-50.787432,-53.4461815
Margaret Delgado,80,778 Richard Village,South Bobby,Oregon,32482,122.91067,6.5700565
Brian Cunningham,22,594 Nathan Via Suite 853,Sherrychester,Hawaii,33648,2.507363,63.431766
Isaiah Hughes,63,1059 Peter Pike Apt. 136,Pottsstad,Alabama,83565,-18.274173,49.151674
Michelle Sparks,21,10196 Patton Course,North Deborah,Connecticut,84596,70.551986,33.827162
Casey Andrews,31,705 Cunningham Terrace Suite 174,Rossmouth,Georgia,15826,-9.005892,73.844873
Matthew Espinoza,40,3033 Ortiz Gardens Suite 335,Hollyville,Georgia,73515,-39.14167,79.945077
Christine Baird,77,5932 Fischer Mill Apt. 968,Jessicaborough,Kansas,55245,74.800842,-88.628698
Emily Mathis,41,6985 Robinson Village Apt. 217,North Alexander,Rhode Island,36345,-150.738361,60.3803925
Lori Hobbs,40,791 Chase Prairie,Jacksonburgh,Indiana,37216,-27.581775,-43.6973875
Nicholas Rush,71,521 Adams Ways Suite 588,South Roy,Texas,23144,71.499993,-79.701338
Erin Nelson,51,4756 Yolanda Parks,Brennantown,Idaho,62463,83.045947,-68.153508
Paul Williams,79,3850 Jones Branch Apt. 253,Perezview,Arkansas,38761,-123.861018,-68.168887
Amy Kline,33,678 Laura Walks Suite 795,New Michael,Illinois,97034,80.725106,67.4023625
Christopher Ray,35,41931 Debbie Cape,South Samanthamouth,New Jersey,77480,-179.398308,38.893054
John Carter,68,9373 Amy Port,Lisaberg,North Dakota,50849,-111.955395,-54.8051515
Wanda Friedman,67,08317 Howell Shoals Suite 092,Crystalburgh,Arizona,00881,-32.937166,55.155868
Carol Holden,27,55105 Bonnie Ridges,West Thomas,Oklahoma,33080,62.609776,74.028879
Robert Sexton,68,510 Samantha Parks,South Derrick,West Virginia,12882,175.396033,56.189722
Tracy Chen,75,75385 Peter Village Apt. 846,Port Jefferyton,Maryland,84504,-111.778368,38.30362
Breanna Herring,74,6916 Price Springs Apt. 276,Port Scott,West Virginia,40712,-91.113843,-71.000294
Sabrina Gonzalez,62,866 Ashley Parkways Apt. 600,Hardingview,Kentucky,59447,-166.639616,-29.238219
Melissa Arellano,26,169 Victoria Mill,West Saraport,Delaware,00941,101.598128,36.598295
Eric Eaton,41,9700 Mary Lane,Matthewshire,New Jersey,01147,175.462937,14.9525595
Steve Mcmahon,77,65449 Blackburn Cliffs,Lake Samantha,Washington,37262,-56.32445,78.6339065
Daniel Marsh,54,8498 Thomas Knoll,East Michelle,Wisconsin,37017,-11.972403,-12.515683
Mrs. Cindy Russell,18,993 Mary Garden,Port Tiffany,North Dakota,64520,154.376546,-66.151086
John Martin,50,9169 Ellis Junctions Suite 398,West Jeremy,Virginia,90996,-169.46397,6.9610545
Jason Butler,32,2100 Hernandez Lake Apt. 946,East Paulside,Arizona,08550,83.031392,-36.677127
Maureen Graham,28,563 Woods Wells Suite 756,South Richardberg,Arkansas,84540,-0.874157,-45.436429
Melissa Gutierrez,55,351 Felicia Passage,New Joshua,Kansas,91257,-23.491925,-81.654826
Taylor Jones,76,82800 Frank Green Apt. 762,East Ericabury,Utah,97949,64.996462,-33.6969775
Christina Berry,73,9234 Meghan Station Suite 420,New Lindsey,Arizona,58821,13.703812,-0.2954275
Connie Smith,43,576 Justin Canyon Apt. 058,Tammyport,Oklahoma,99285,-99.558371,46.3420615
Christopher Diaz,37,75833 Carolyn Meadows,Ryanmouth,Pennsylvania,00960,-130.715902,29.8377435
Daniel Weaver,23,270 Dunn Rapids,Lake Lisafort,Alabama,83912,18.517612,-35.6072685
Dana Smith,22,9219 Nathaniel Burgs,Reynoldsside,Mississippi,11107,57.269083,-18.1831485
Stacy Chaney,25,516 Pamela River,East Josephport,Indiana,93896,-87.053629,70.4425995
Ryan Cruz,43,2542 Serrano Court,Taylorstad,Kentucky,23610,-87.984573,-75.3367685
Michelle Velasquez,24,3042 Schultz Keys,North Jerry,New Jersey,37789,51.397318,-88.5699555
David Edwards,55,92131 Adam Square,Jamesbury,Pennsylvania,62864,-45.068023,63.7568435
Jasmine Thomas,35,5198 Frederick Ford,South Amberside,Missouri,76056,-18.052028,13.7154435
Ana Norman,78,74041 Thomas Corners Suite 872,Port Jenniferfurt,Georgia,50601,-123.554616,-36.728094
Robert Lewis,38,21301 Johnson Center,Bellburgh,Oregon,17153,-66.218676,-23.756235
Christina Shannon,46,05438 Amy Plaza,West Andrew,Georgia,89588,-160.290671,40.9535705
Benjamin Nguyen,63,9941 Lawrence Mall,Russellmouth,Pennsylvania,33251,87.092507,-50.6791265
Michelle Lewis,40,52001 Kathryn Streets Apt. 339,Amandaland,Georgia,03807,-141.934474,8.3080575
Alexis Burns,28,652 Sarah Cape Apt. 627,Benjamintown,Minnesota,25671,-31.385981,-22.276777
Amanda Boyd,47,54169 Chen Lake Suite 254,North Elizabeth,Oregon,32294,-74.562729,79.1540515
Samantha Reese,22,9253 Le Circles Suite 387,Garciaton,New Mexico,99613,-177.625094,-85.632703
Ashley Harvey,28,88354 Bell Knolls Suite 457,Rubioberg,New Hampshire,01522,111.692705,-74.254235
Cheryl Underwood,22,763 Brandon Tunnel,Davisborough,Montana,93420,-38.642221,-17.105253
Jennifer Palmer,44,7820 Carol Circle Suite 802,East Joann,South Carolina,46384,97.541193,45.426938
Jennifer Warren,72,28901 Allison Valleys,Christyton,Arizona,06285,101.430411,2.6736985
Jessica Stein MD,67,6097 Beard Crossing Apt. 198,North Mary,Hawaii,41582,-76.835463,-16.296954
Jennifer Edwards,19,27666 Shawn Prairie,Hartshire,Florida,80953,111.723227,-78.98093
Patrick Eaton,26,2305 Brian Terrace,Dalefort,Kentucky,82292,-162.924342,-26.3107855
Andrea Duke DVM,35,018 Reid Ranch,Emilytown,North Dakota,54699,-11.52537,-17.171684
Melissa Tran,63,49371 Dillon Square Apt. 489,Larryshire,Rhode Island,27230,69.962058,89.4510735
Edward Rivera,45,977 Joseph Lane Suite 078,Millerview,Rhode Island,26961,137.003993,24.4921505
Pamela Long,39,7405 Kimberly Island Suite 999,Kimfurt,Vermont,59676,88.733683,54.177973
Elaine Moore,70,6730 Timothy Locks Apt. 462,Lake Benjaminfurt,Alabama,15083,143.954083,-31.1555165
Douglas Ayers,68,64833 Marie River,Port Sandrastad,Nevada,18853,4.374944,79.8929535
Scott Burke,23,4111 Shaw Heights Apt. 485,Dustinborough,Oregon,02963,174.688062,2.004016
Michael Stephens,63,632 Miller Street,South Michael,New Mexico,97745,-97.571296,8.4019375
Hailey Chapman,48,1750 Jessica Terrace,East Roberthaven,Massachusetts,24368,-87.120624,71.57499
Patrick Adams,57,46457 Amanda Well,North Vickitown,Vermont,28669,22.058618,56.6152345
Mike Frazier,19,2216 Robert Creek Suite 423,Lake Jamesmouth,Mississippi,84729,-143.645386,-47.1644425
Megan Holland,80,653 Williams Grove,West Marialand,Iowa,37248,80.418134,-37.842783
Joshua Farrell,62,21330 Wong Square,West Brian,South Carolina,49816,164.226585,-22.592598
Matthew Booker,35,09737 Tonya View,Chadchester,Mississippi,47947,-96.447067,83.108722
Diana Hernandez,30,4682 Smith Springs,South Erin,Wyoming,03516,-108.979749,-8.216622
Rodney Tapia,77,0985 Tammy Junction Apt. 696,Port Adamport,West Virginia,85609,-89.25523,-77.397616
Richard Johnson,50,777 Kimberly Tunnel,Lake Bernardville,Massachusetts,01840,73.625379,77.0859735
Brian Rhodes,79,361 Johnson Tunnel,Aprilchester,New York,12181,113.129534,-5.9509345
Ethan Horne,64,49092 Margaret Land,Liberg,Texas,92481,91.481169,89.046763
Jessica Delacruz,62,77036 Mayo Route Suite 217,Wrightborough,Louisiana,90545,-53.698191,79.218239
Thomas Alexander,57,07420 Heather Falls,Hodgesfort,Maryland,75859,-10.659791,24.328093
Anthony Carter,42,0774 John Green Suite 084,South Steven,New Mexico,17098,179.781929,65.7028025
Mary Reese,45,64850 Stevens Corner,Wilsonfort,Kentucky,22755,1.061354,80.5704135
Christopher West,34,7555 Miller Point Suite 987,Millerborough,Kansas,75691,-99.885918,-63.9347665
Dr. Shelly Morton MD,32,69393 Peters Spring,Robertport,Georgia,14058,51.163099,11.4073955
Alisha Garcia,69,7402 Wood Canyon Suite 160,West Michaelmouth,Idaho,21282,-25.1918,-60.619349
Sean Johnson,32,96358 Allen Summit Apt. 604,Schwartzfort,California,60359,143.856004,-16.506885
Andrew West,74,1906 Goodman Cape Apt. 903,Gillstad,Virginia,76247,165.64474,-68.2907765
Kelly Patel,25,64051 Lauren Station,Lake Christophershire,New Hampshire,38594,90.226988,83.208266
Justin Glenn,34,575 Andrea Union,Chambersfort,Delaware,42662,117.638224,-15.1908195
Nicole Norman,32,8960 Jason Squares,Hatfieldstad,Massachusetts,71191,-7.419921,12.1860405
Mrs. Alexandra Sanders MD,31,974 Arnold Gateway,Baileyhaven,Maine,56649,145.296797,4.2229655
Elizabeth Chavez,23,9135 Peter Trace,Brandihaven,Georgia,02810,144.879633,55.7126875
Luis Richardson,74,233 Shelby Terrace Suite 062,West Richardberg,Arkansas,00902,147.162932,14.5466385
Juan Conley,71,295 Petersen Route,Sandraborough,Washington,77787,-37.189754,-50.248643
Tiffany Hernandez,58,96541 Jeffrey Causeway,West Victor,Alaska,26615,-92.510975,-24.6761895
Scott Webb,43,48346 Mary Route Suite 945,East Lauren,Florida,50374,-111.410139,59.66541
Thomas Parsons,22,6053 Krystal Grove,West Patriciamouth,Alaska,85803,-84.747915,30.663155
Lauren Diaz,22,778 Felicia Fords Suite 231,Jeremyberg,Pennsylvania,14070,-80.575026,-14.639342
Jack Ortiz MD,20,21686 Mcintyre Manors,Jenniferstad,Nebraska,38702,-100.47382,5.965111
Diana Klein,28,11563 Brown Mountains Apt. 569,East Johnborough,Georgia,53933,-7.564009,29.491508
David Wilson,77,68030 Pearson Plaza Apt. 815,Port Ashleyborough,Georgia,93853,95.488629,17.0568045
Kristina Shepherd,47,22277 Gonzalez Forges,Byrdside,Wisconsin,42971,-40.536803,-57.2983475
Carol Compton,48,713 Avery Groves Apt. 641,Kaylahaven,Idaho,25951,-119.02014,51.47084
Jodi Richards,42,310 Jamie Mills Apt. 414,North Jessicaborough,Montana,56481,-142.515618,-2.443951
Barbara Hernandez,64,2723 Brandy Village Suite 876,Lewisview,Arizona,72779,-162.358879,54.2815205
Jim Leblanc,35,72722 Woodward Hollow,Floydshire,Massachusetts,51239,79.355871,36.9120495
Michelle Byrd,72,005 Miller Shore,Briggshaven,Delaware,03026,-49.588335,34.216747
Bryan Nelson,19,321 Paul Greens Apt. 616,East Jacob,Alabama,82749,128.1449,-56.605695
Megan Griffin,78,50323 Amy Circles Suite 314,North Taylorchester,Arkansas,58806,-7.340801,-55.0195025
Ryan Burgess,75,4017 Proctor Village,East Gregoryview,New York,37877,-23.663574,-37.215649
Jeffrey Cox,33,1266 Peck Pines,East Vanessa,Rhode Island,13959,-122.849286,-33.925344
Max Lamb,62,965 Elizabeth Drives,Weisschester,Arizona,81988,34.672988,-43.873237
Oscar Wong,77,2756 Lloyd Meadows Suite 250,Jameshaven,New Jersey,82528,113.435992,64.245576
Jose Davis,49,443 Jones Burg Apt. 695,Collinland,California,01136,-165.799068,-28.7115965
Evelyn Pennington,53,67836 Harris Green Apt. 409,New Bradleyport,Maine,99295,-34.744376,-2.7692535
Erika Mitchell,18,438 Mindy Vista,East Gina,New Hampshire,58219,120.721726,71.680669
Jill Horton,79,97578 Lisa Stream Suite 586,Torresshire,Maryland,56915,-115.42466,-13.151604
Ashley Henson,32,918 Key Islands,Shawport,Wisconsin,07094,21.893325,53.057735
Keith Mcfarland,64,66967 Jessica Village,Drewshire,North Dakota,21186,35.495141,45.0261835
Jennifer Sellers,26,623 Nicole Circle Apt. 745,New Tara,South Dakota,14423,8.506769,87.946048
Lori Rush,22,7716 Benjamin Mills Apt. 344,Cummingsside,Nebraska,45257,36.892499,80.6502795
Virginia Shaw,79,608 Hunter Branch Suite 995,Lake Virginiafurt,Alaska,19863,-26.095872,18.3334025
Brianna Fields,62,995 Turner Green,East Ericaview,Utah,34917,26.083682,-10.1372825
Veronica Meyer,40,8969 Vanessa Circles,Lake Jessica,Hawaii,10915,121.725766,7.56445
Alicia Page,58,95847 Micheal Groves Suite 046,Danielleside,Iowa,75030,20.977484,40.344441
Joseph Smith,77,263 Julie Station Suite 444,Wongton,Tennessee,01594,46.904088,32.603367
Nicholas Keith,45,16716 Valerie Forges Suite 592,South Shariburgh,Louisiana,86677,97.501584,-30.137416
Eric Weeks,45,5825 Ralph Tunnel Suite 673,Lake Michelle,Kentucky,93779,127.993622,-6.0672495
Trevor Ho,31,1343 James Trail,New Mary,Missouri,49480,63.479154,76.238714
Ryan Graves,33,696 David Fort,Port Philip,Maryland,26693,80.726932,-58.017455
Luis Hall,68,16114 Patricia Land,Stephaniefort,Maine,66930,132.867102,10.1330455
Justin Roberts,44,32340 Robert Spur Apt. 845,Simmonsborough,Hawaii,78683,124.435748,57.6486825
Anthony Phillips,41,69353 Anderson Pines,Rebeccahaven,South Dakota,94982,-23.97834,-47.891159
Timothy Davenport,44,7771 Oliver Turnpike Suite 822,Derekstad,Colorado,58205,111.393245,-75.964293
Christina Green,48,272 Veronica Islands Apt. 539,Jenniferport,Maryland,93497,-61.025218,-70.748109
Jean Horton,38,89636 Mary Stravenue Suite 295,Jasonborough,Iowa,35731,16.895765,18.028672
Eric Wilson,23,5960 Farrell Groves Suite 381,Walkerstad,Kentucky,95872,-81.319107,27.998563
Craig Bradley,60,153 Mack Grove,East Carriebury,Connecticut,78065,57.461203,-73.025901
Danielle Peters,54,00573 Tanner Mountain Suite 430,Brendahaven,Hawaii,71326,-54.665441,72.558893
Benjamin Smith,25,8051 Phillips Groves,Paulbury,New York,18871,22.809096,53.856428
Bryce Johnson,58,7313 Amanda Vista Apt. 815,North Ashlee,Massachusetts,10620,145.731885,-29.9656515
Sean Spence MD,21,4097 Kelsey Cove Suite 083,Calderonchester,Ohio,47079,-8.595235,1.292727
Jamie Warren,31,79031 Sanchez Dam,New Amyport,Washington,46201,-129.301135,-31.4289805
Veronica Perkins,61,70513 Christopher Glen Apt. 902,Vanessamouth,South Carolina,11573,23.440212,38.622085
William Gonzalez,53,41503 Daniel Centers Suite 711,West Cynthiamouth,Arizona,20581,-74.299964,-31.5813645
Derrick Nichols,64,256 Sheri Isle Apt. 733,West Jenniferton,Maine,38463,69.596849,-70.880039
Steven Rosario,33,688 Mann Greens,Lake Gabrielleburgh,Utah,86360,144.525794,-5.3114505
Jennifer Murphy,34,11928 Shepard Orchard Apt. 153,East Samantha,Indiana,28639,66.113927,-8.6881735
Sandra Nguyen,20,799 Mayer Ramp,Hesterland,New Jersey,45982,86.922569,-86.4768705
Crystal Garrett,43,7466 Ford Villages,Jenkinsland,Iowa,82637,-132.66831,-30.0115775
Cindy Larson,80,475 Erika Roads Suite 309,Lake Michael,Tennessee,51779,42.215514,39.3167485
Ann King,78,6740 Harrison Road,Travisport,Alaska,88571,-90.333625,58.980967
Stephen Harrison,62,63686 Mills Lakes Suite 203,South Thomas,Arizona,89266,50.182499,60.559549
Crystal Cordova,19,072 Ramirez Street,Millerland,South Dakota,69307,-9.960421,86.474202
Lisa Underwood,22,464 Bright Vista Suite 756,Beasleyborough,Louisiana,31984,54.702869,-44.1305745
Brittany Gardner,29,117 John Manor,Juanhaven,Texas,89371,68.622445,62.4087875
Rodney Gordon,73,1010 Tyler Square,Kaneton,Washington,71245,-159.972128,-26.4068725
Amy Cross,78,05634 Kimberly Route,North Dannychester,Tennessee,89946,-151.577659,-57.8258225
Richard Bowen,33,74868 Kimberly Hollow Apt. 499,Stevenbury,Vermont,72869,-139.587705,-38.57139
Douglas Robles,22,5628 Michael Lodge,East Raymondside,Vermont,11146,-36.345255,-61.4286075
Joseph Schmitt DDS,20,807 Kimberly Extension Apt. 881,West Amychester,Ohio,88159,-142.20061,-56.8702825
Juan Braun,19,633 Bryan Knolls,Steventown,New Mexico,24836,163.081936,-12.528791
Kevin Morgan,35,13529 Eric Stravenue,West Kara,Arizona,48260,92.658225,-31.0239125
Shannon Mejia,58,71972 Christopher Street Apt. 718,West Christopherstad,Iowa,33420,-158.786036,-58.9634785
Michael Fox,59,6204 Roberto Cove Suite 243,Kennethtown,Ohio,15309,88.957699,28.470491
Lydia Wilson,28,98133 Robinson Rapids,Marystad,Minnesota,17665,-128.135145,54.237019
Paul Rodriguez,54,63920 Romero Trail Apt. 020,Port Cheryl,Arizona,66620,-71.478793,-69.5192695
Molly Rhodes,45,90423 James Inlet Suite 082,East Danielle,Kansas,97272,72.684809,26.723141
Albert Conley,18,9219 Day Land Suite 428,Brewerton,Massachusetts,57475,-133.048854,-75.5569575
Kathy Barker,55,757 Hardy Turnpike,Leachbury,Arizona,03298,-78.038533,-52.4610685
Richard Moore,71,88623 Anna Village,Amymouth,Tennessee,36289,-61.445496,-12.2394025
Kaitlyn Mathis,30,731 James Mews,Nicholashaven,Kentucky,26226,-55.734059,-52.601095
Jennifer Ward,32,6167 Hill Prairie,Port Alexandra,Delaware,76358,58.304289,85.192991
Elizabeth Miller,69,59107 James Key Apt. 849,Courtneyton,North Dakota,04524,-18.222072,38.8763895
Robert Hines,30,419 Robertson Street,West Hector,Nebraska,67247,140.974888,83.2239205
Seth Brooks,23,509 Phillips Lock,West Jacqueline,Oregon,79351,-62.355511,36.4894065
Francis Hall,24,05000 Sweeney Fords Apt. 958,Ruizchester,Washington,50000,74.29524,-1.452069
Carl Benitez,20,7756 Rose Brooks,New William,Colorado,56721,-29.538485,-72.3754375
Chelsea Pennington,24,771 Casey Falls,Carlyland,Indiana,93456,-49.457849,-27.076442
Diane Reeves,78,003 Marks Cliffs Suite 223,Carolynport,Montana,54525,176.504096,58.904566
Jasmine Grimes,31,700 Mitchell Wall Apt. 796,East Hollymouth,Ohio,05322,106.09361,73.180777
Bryan Morris,58,93265 Michael Causeway,New Debra,Arizona,05906,143.331317,-63.5970075
Troy Johnson,63,715 Monroe Trail,Maryport,Arizona,63807,24.639124,22.696395
Kevin Dixon,76,5192 Hogan Shores Suite 513,Davidfort,Kansas,70018,31.989731,3.611331
James Johnson,43,00767 Brooke Ridge,North Heidiview,Tennessee,46232,109.216936,-47.0097085
Angela Walker,67,59243 Paul Branch,Ramosside,Idaho,63047,43.148003,-45.083633
Steven Tran,39,7039 Christensen Summit Suite 577,Maryport,Arkansas,41422,158.940207,-28.2343035
Felicia Roach,78,3813 Wells Ville,East Edwardchester,Nevada,31731,133.791821,63.6539235
Lisa Rowland,67,4957 Gabrielle Circle Apt. 816,New Thomas,New Hampshire,31347,-17.862368,75.590354
Michael Glenn,77,8496 Jesus Ville Apt. 552,Wangshire,Iowa,02592,107.807162,16.6919825
Katie Hogan,75,25668 Sanchez Parkway Apt. 885,North Heatherside,Wisconsin,04541,-37.357148,64.273609
Karen Scott,58,343 Anthony Lodge,Graymouth,Washington,35271,-20.2529,5.859575
Michelle Paul,39,968 Kathleen Rest,South Tina,Iowa,26780,113.032475,-0.8234245
Mr. Steven Chavez,59,9461 Clark Springs Apt. 520,Jenniferchester,Minnesota,32263,-58.440398,-58.0859885
Carl Rogers,27,96452 Jean Stravenue,Sanchezmouth,Texas,32311,-85.767489,37.791564
Joshua Riley,39,8719 Romero Burg,North Sierrafort,Delaware,25473,168.413314,68.1150545
Jessica Fisher,67,3537 Williams Lock Suite 573,East Emilyhaven,Montana,22925,-58.110056,-24.275898
Richard Johnson,75,29651 Brown Passage Suite 808,Jonesberg,Vermont,63147,-70.107854,14.6177535
Christopher Anderson,45,1750 Brian Cliffs Suite 380,Stephenside,Maryland,95442,116.339445,-46.734623
Victor Anderson,44,354 Aaron Bridge,Galvanville,Maryland,50490,109.871407,58.4206065
Peter Vasquez,46,304 Wendy Common Suite 649,South Jessica,Minnesota,10107,-95.469617,57.451274
Stacey Thompson,28,05581 Holly Radial,Martintown,South Dakota,09107,22.500271,47.0589945
Sean Phillips,45,101 Lisa Underpass,New Pamelachester,New Jersey,95082,-157.654277,-55.354102
Dustin Brooks,51,31741 Hicks Stream,Ashleymouth,California,98886,-117.435347,-7.9758765
William Henderson,64,67525 Foster Stravenue Apt. 092,North Jamie,North Carolina,33417,18.159835,-42.8777195
Jennifer Koch,25,8088 Williams Turnpike Suite 143,Patrickberg,Montana,56149,-7.465478,-73.3076005
Andrew Henderson,22,7357 Samantha Cliffs Apt. 442,Lake Lindamouth,Missouri,71760,-108.646801,77.633955
Jerry Garza,56,48015 Anthony Rapids Suite 996,South Christopher,California,83568,165.243283,-40.242718
Linda Stewart,77,5546 Robinson Vista,North Daniel,Connecticut,06145,-20.954004,22.5269265
Raymond Hoover,31,7782 Victoria Union Apt. 783,East Catherineland,Connecticut,73822,-81.932593,-46.975961
Sandra Douglas,38,520 Saunders Garden,Powellborough,Wyoming,88399,-133.950253,-35.1449435
Shawn Ramos,53,0778 Clarke Flat,Michaelton,Rhode Island,70791,-141.407547,-75.073863
Lindsey Dougherty,67,495 Brandt Court Suite 582,Turnerburgh,Connecticut,41907,-78.682932,48.1905415
Brandon Branch,80,46863 Cooper Streets Apt. 961,Mayshire,Arizona,30007,170.93404,31.7088675
John Aguilar,38,93590 Jacob Trace Apt. 073,Carrollshire,Arizona,31964,-170.569769,-38.5622485
Jose Serrano,24,2966 Cohen Glens Apt. 862,Thomasshire,New Hampshire,09077,-136.30723,-59.420289
Madeline Frost,44,026 Melissa Fords Apt. 280,Petersenchester,Tennessee,78901,25.347243,33.6442435
Nina Aguilar,53,8411 Watson Alley Suite 774,Riveramouth,Delaware,80481,46.179344,-16.443617
Mary Green,40,276 Richard Turnpike,East Miguelmouth,Tennessee,22018,-79.550307,77.7946005
Aaron Petersen,40,090 Cain Crossroad Apt. 591,South Caseyville,Nebraska,85098,-78.491496,18.724479
Raymond Powers,70,9451 Austin Rapids Apt. 485,Sarahburgh,New Hampshire,62156,-87.327854,-28.092247
Tina Johnson,45,784 Joseph Gardens Apt. 973,Flynnton,Nebraska,50800,18.302474,71.208878
Stephen Rojas,54,3151 Luis Corners Suite 459,Dawntown,Nebraska,20408,-138.698917,53.3477055
Taylor Thomas,42,432 Dylan Wall Apt. 807,Donnamouth,Vermont,28237,-141.347834,81.244214
Maria Taylor,77,748 Brandy Mountain,New Howardtown,New Hampshire,11734,-46.468528,37.1763335
Mason Cowan,50,408 Megan Garden Apt. 494,Tiffanymouth,Nevada,67167,-167.561763,82.894903
Andrea Ruiz,71,9527 Potter Rest Apt. 960,Jamesfurt,Washington,93539,93.477072,60.19784
Zachary Olson,75,6646 Steven Groves Suite 172,Derekburgh,West Virginia,40808,-30.25367,69.5001995
Jackie Garcia,27,698 Stevens Highway,South Rita,Colorado,32015,-103.691108,9.247027
Bernard Miller,52,00437 Michael Summit Suite 412,West Tyler,North Carolina,71451,171.923255,84.4554095
Tammy Johnson,44,88601 Thomas Light,Masseyhaven,Nevada,90938,-148.710032,-87.6730415
Monica Thomas,58,453 Munoz Wall,Gloriastad,Oregon,51841,40.355227,42.142169
Lisa Lee,71,46880 Joseph Tunnel,Krystalshire,Alabama,22228,150.298706,-42.9693345
Jerry Williams,53,49273 Tran Curve Apt. 960,Espinozahaven,Tennessee,21839,-136.449042,-6.2131395
Frank Carlson,24,1370 Ibarra Motorway Apt. 506,Hortonburgh,Maine,18014,-117.536526,-56.3988
Bryan Weaver,24,048 Woods Ports Apt. 073,West Cindystad,Maine,12781,-0.383228,33.547682
Michael Leblanc,63,53324 Michael Drive Apt. 680,Dannyborough,California,18515,-123.712091,39.3456115
Jimmy Santiago,65,3975 Gallegos Islands,Suzannemouth,Maryland,25677,-2.226675,1.5602775
Jerry Mccoy,19,28690 Angelica Loop Apt. 456,North Phillipbury,Rhode Island,15562,-5.019513,-8.396501
Crystal Santos,23,10074 Margaret View,Cassiefort,Pennsylvania,30579,79.883609,-73.217263
David Roman,75,354 Owens Meadows,West Teresaburgh,Idaho,48671,-118.120737,-24.3870045
Rachel Goodman,20,58027 Charles Circle Suite 612,South Kristinaview,Nebraska,70665,108.166915,-4.9563505
Dr. Amy Jones DVM,77,154 Kimberly Falls,East Jameschester,Ohio,00747,-124.446419,44.5190635
Natasha Blevins,24,93094 Anderson Harbor Apt. 856,Amberbury,Arkansas,39583,-150.672612,72.283717
Sandra Hall,71,953 Mary Manors,North Rose,North Dakota,66804,-39.989109,-51.708786
Wyatt Porter,40,537 Albert Ways,East Dennis,Kansas,85059,-115.506061,76.780721
Randy Stewart,36,697 Odom Groves,Lake Kimberly,Colorado,48530,98.639099,68.9118855
Jody Gonzalez,51,282 Michael Manors Apt. 693,Buchanantown,Alaska,32744,177.177279,-42.233878
Matthew Carter,21,64385 James Meadows Suite 524,South Robert,New York,23936,-161.283168,-17.2656235
Kaylee Villarreal,37,501 Jones Grove,North Travisburgh,South Dakota,57269,156.049178,8.043445
Dana Ochoa,48,45668 James Mall,Osbornport,Indiana,80562,68.684449,-6.0165935
Jeffrey Butler,60,9644 Amanda Crossroad,Lydiaport,California,56870,-171.770118,3.418402
Aaron Smith,79,5383 Lori Wells,Rhodesview,Texas,43249,-145.848783,-79.3787275
Dr. James Johnson III,40,32324 Jennifer View,Brandonchester,Nebraska,38675,92.31082,-70.052723
Robin Lutz,80,12789 Edwards Trail,Ericberg,Kansas,68893,-95.154242,45.0128645
Christine Taylor,66,796 Gates Ways Suite 795,North Ashley,Maine,63668,-143.730168,85.3951665
Emily Patterson,41,053 Randolph Ranch Suite 859,Port Jonathanton,Rhode Island,19413,123.233099,-63.927197
Michael Bradford,57,76413 Wendy Mission Apt. 786,New Mark,Delaware,68898,-130.119743,66.778121
Deborah Sims,30,0883 Lane Drives,East Cindyland,Maryland,62615,-41.493205,18.9331355
Alexis Strickland,51,9501 Shannon Cliff,Port Kelly,New Hampshire,55756,172.958262,34.296798
Dominique Santos,35,6413 Kennedy Pike,Bergbury,Massachusetts,48937,-117.726156,-77.268472
Thomas Reid,69,3884 Donna Mission,Barbaraport,Kentucky,17756,-146.00609,86.6025415
Arthur Whitaker,62,85311 Stephanie Trace,New Jennifer,Maine,54594,95.973624,-74.567255
Rhonda Randolph,67,144 Charles Groves Apt. 732,Owensside,Oregon,94130,-60.299516,45.6800685
Cody Welch,79,34031 Vanessa Run Suite 107,Garciaview,Oklahoma,80847,-98.772027,31.563572
Desiree Morgan,20,51845 Madeline Crossroad,Tylerhaven,California,23697,-33.898363,6.6328665
David Bailey,72,398 Lin Plaza Suite 333,Andrewshire,Utah,86053,178.044988,7.536412
Paula Barker,50,124 Mary Burg,East Tina,Alabama,17717,-60.455646,-45.2671505
Allen Clark,25,5294 Jose Prairie Suite 264,Chenside,Minnesota,69375,-168.53724,16.99889
Tanya Villanueva,76,1290 David Orchard Apt. 992,Rushchester,West Virginia,64583,-128.375825,6.226889
Donna Reed,23,880 Benton Burgs Apt. 291,Anthonystad,Montana,13845,-69.552773,83.715812
Benjamin Pugh,64,03117 William Point Suite 867,Port Michelleview,Georgia,42316,28.25398,12.7529235
Joseph Hughes,38,738 Curry Springs Suite 107,West Ashley,West Virginia,58193,-45.586155,-56.693592
Mike Hernandez,42,86441 Lee Lock Suite 151,Nguyenchester,North Dakota,33769,5.219079,49.2853445
Jeffrey Nielsen,20,488 Webb Dam Apt. 848,West Danielport,Indiana,07948,9.891889,70.6654715
Angela Garcia,44,49683 Morgan Valley,Lake Aprilville,Minnesota,26974,114.332984,-50.1667035
David Baldwin,20,90110 Miller Plains Suite 207,Emilyberg,Montana,26861,140.463926,53.196775
Todd Pearson,34,69563 Margaret Creek Suite 772,South Andre,Alabama,45328,-83.996678,21.9760655
Sharon Fuentes,23,199 Moody Lakes Apt. 938,North Jessicaville,Texas,23892,48.731217,40.6935955
Cassandra Stephens,54,486 Spencer Glen,Lake Heather,Virginia,44457,71.457259,-83.9964485
Matthew Grant,50,661 Stephen Trace,Martinezview,Florida,91317,-74.679706,-58.752323
Christian Shaw,43,6345 Shannon Plains,Port Daniel,New Hampshire,64222,-103.036815,16.0642975
Amanda Williams,44,1695 Williams Grove,East Scottfort,West Virginia,26686,-101.816332,-1.299589
Kelsey Stanley,52,8243 William Passage Suite 724,Heatherport,Alaska,11150,-99.959451,7.441392
Rebecca Meyers,34,5627 Garcia Cape Suite 404,Roachbury,Wisconsin,98722,-132.210162,9.358321
James Morales,24,501 Benson Hills,Flowerston,Hawaii,19805,-64.815471,-17.4990225
Jose Fisher,69,6277 Brandon Course,Lake Billyshire,New Mexico,49107,-102.476569,54.9201365
Jacob Crane,65,259 Catherine Keys Apt. 216,West Laurieside,Hawaii,96436,-86.698517,86.7148035
David Young,65,8882 Smith Glens Apt. 626,South Adrianatown,South Dakota,10529,-40.036,-42.0241525
Colton Wood,47,415 Dennis Mission Apt. 729,Nicholastown,Maine,13763,163.506096,-4.140345
Emma Vargas,72,4293 Floyd Mountains Apt. 929,Dustinbury,Pennsylvania,18163,-163.489858,-85.924988
Derek Winters,69,1801 Christopher Mountains Apt. 957,Conleyfurt,Maryland,22850,31.75636,-18.242543
Brian Rodriguez,47,5627 Collins Mountains Suite 879,West Daniellemouth,Washington,42571,97.947051,88.00752
Ashley House,46,665 Mcclure Row Apt. 420,Lake Sarah,Indiana,62654,-12.39583,-11.6197715
Crystal Rodriguez PhD,59,7161 Peter Branch Suite 294,Lake Brenda,Kansas,28922,84.077199,79.2846855
Manuel Jefferson,39,094 Amber Plain Suite 412,Lake Laura,Arizona,91346,-5.414157,22.950098
Daniel Patterson,76,9278 Maldonado Keys Apt. 375,South Ryan,Massachusetts,77527,159.294524,-87.92892
Christopher Garcia,65,42219 Christopher Extensions,East Jacobfort,Utah,89945,100.773657,11.71427
Jessica Wilson,68,5977 Smith Forges Suite 200,Batestown,Alabama,62302,-10.597458,9.8010905
Connor Mann,32,606 Miller Station Apt. 461,Sullivanshire,Missouri,16169,124.420073,-83.726134
Charlotte White,60,2769 Kim Landing Suite 537,Garrettville,New Jersey,61884,162.246884,38.10725
Patrick Nelson,45,0512 Sarah Knolls,Grahamshire,Nebraska,55875,17.663993,-9.4655615
Nathan Fowler,73,1758 Reed Mews Suite 868,Laurahaven,Wyoming,98481,-62.127379,-65.120581
David Roberts,78,281 Denise Brooks Suite 473,Gatesfort,Colorado,02109,-175.906526,-71.608548
Patrick Gay,40,7196 Jones Stravenue,Martinezview,Virginia,00842,61.700563,66.5243985
Carl Smith DDS,79,0611 Smith Vista,Mcintyrestad,Oregon,90839,11.120145,45.5221705
Rachel Lyons,63,605 Clark Underpass,West Tracy,Rhode Island,55473,-30.448036,-54.618312
Jennifer Conley,69,84447 Christian Falls,Port Elizabeth,Colorado,43149,-21.761194,52.076272
Jennifer Frost,62,6375 Mike Mountain Apt. 512,North Christinaland,Utah,60997,-21.813179,24.549758
Drew Davis,75,23874 Joshua Skyway Suite 236,Danielsstad,Maryland,91382,123.799018,70.7506085
Tamara Lee,65,1227 Joshua Stravenue,North Debraton,Oklahoma,15676,-23.648361,31.75611
Sharon Phelps,67,819 Adam Meadows Suite 225,Cynthiahaven,Connecticut,37272,-117.22627,29.9151925
Kevin Johnson,63,55486 Nicole Spring,Webstermouth,Massachusetts,68736,-77.330318,-84.5228825
Brian Lambert,28,32189 Christopher Field Apt. 008,East Katelynbury,Arkansas,63295,-2.424212,-15.8282155
Debbie Gregory,50,09476 Calderon Village,Coxchester,Rhode Island,07242,-87.432312,7.7014905
Ashley Cooper,33,446 Herrera Place Apt. 405,Christophermouth,California,53726,-76.992229,-44.07221
Pamela Nelson,36,34031 Spencer Curve,Nicholasbury,Idaho,56224,80.445441,80.5698465
Erin Smith,54,30141 Smith Island,Brookeberg,Nevada,13879,-73.71208,68.634996
Kayla Clark,74,6115 Boyle Plains,Garrisonshire,Kentucky,24015,12.083461,47.441522
Derrick Jones,31,794 Matthews Mountain,Mooneystad,Nebraska,26590,135.062129,-60.7271385
Philip Morris,24,1240 Perkins Shoal Apt. 213,North Davidburgh,Louisiana,93197,-95.840366,34.5473635
Kyle Bowen,62,992 Love Rapids,Guerraville,Utah,67863,-82.76389,-47.231106
Meghan Velez,41,56487 Tony Greens Suite 831,South Kevin,Iowa,74337,13.870439,71.0260755
Danny Martin,39,138 Ramos Point,North Carol,Virginia,27837,-130.550964,41.967555
Megan Davila,28,110 Herrera Crescent,Andersonburgh,Georgia,68777,-165.341781,-20.902105
Debbie Butler,49,6250 Brown Stream Apt. 998,Jessicastad,Mississippi,75600,65.524261,-30.632227
Brittney Richardson,38,4566 Bradshaw Radial Apt. 442,East Williamville,Connecticut,45455,56.771529,89.033176
Laura Gentry,55,4732 Michael Drives Apt. 360,South Anthonyberg,New York,10334,-77.20447,54.349819
Jonathan Robinson,37,7488 Vasquez River Suite 967,Fisherhaven,Alaska,66117,-106.65536,27.8044465
Ryan Williams,51,4045 Donald Union,New Christy,Tennessee,01096,31.438744,-17.2465685
Jeffrey Carey,60,998 Crystal Radial,Lindastad,Michigan,28041,-176.317004,-61.100353
Andrea Rhodes,46,258 Hood Ville,North Troy,Ohio,73283,-65.87071,-72.0059555
Brenda Moss,46,05694 Green Lane,Martinberg,Nevada,97514,-133.462532,-12.8698035
Nancy Wagner,55,22236 Arellano Divide Suite 819,New Jesse,Louisiana,36031,154.502237,-80.75814
Louis Palmer,24,601 Latoya Cliff Apt. 719,Robertton,New Mexico,46567,164.53778,-78.7657345
Monica Hicks,56,7677 Chad Plains,South Jaclyn,Maryland,43913,-0.111327,-34.31477
Madison Barry,39,00489 Brianna Roads Suite 491,Christinebury,Florida,01776,-102.47606,55.0258805
Stephanie Davis,61,366 Camacho Route,Brianmouth,Colorado,67281,-140.176271,36.2480495
Steve Galvan,78,384 Stephens Loop Apt. 024,Murphyburgh,Hawaii,07444,-19.200459,8.843363
Shannon Grant,48,039 Ronald Brook,Katherineside,Kentucky,20568,89.268528,-53.087012
John Walton,18,89525 Elizabeth Mill Suite 096,East Jonathonmouth,Montana,35820,-14.884971,41.567965
Amanda Rosario,41,220 Miller Curve,Houstonside,Nevada,57513,174.492029,46.0355425
Nicholas Barton,39,406 Martin Village,Lake George,Maryland,07695,-133.273905,31.0908785
Mr. Paul Cox,40,84961 Howell Prairie Apt. 599,South Henry,Montana,04989,-149.878526,-87.8913855
Timothy Byrd,26,89066 Mcdaniel Drives Apt. 796,Lake Gabriellefort,West Virginia,35313,56.695166,64.287924
Kimberly Paul,45,7657 Maxwell Court Suite 834,Wuhaven,North Carolina,08424,24.63178,79.996677
Max Coleman,80,1091 Clifford Throughway,Lake Jessicaside,Wyoming,27593,66.113404,0.8161995
Steven Blackwell,79,528 Troy Square,Port David,Kentucky,25969,22.392056,19.2983995
Victor Livingston,48,643 Gordon Plain Suite 169,Port Kristine,Missouri,23843,26.573969,85.021238
Derrick Jordan,50,6812 Dominguez Road Apt. 693,Boyleport,Louisiana,09121,-147.609165,-57.178512
Michelle Johnson,54,7524 Connie Point,East Annashire,Utah,62296,-37.287607,-63.656558
Michelle Ramirez DVM,72,712 Butler Plain,Jimenezport,New Mexico,96955,69.581701,-17.0417285
Jeffrey Cummings,76,294 Clark Via Apt. 360,Lake Kevinborough,Wyoming,86787,56.080626,36.5959495
Zachary Dunlap,67,324 Steven Ridges Suite 941,North Kyle,New Jersey,55748,-63.23269,-81.052266
Jason Ward,29,412 Bishop Island,Dukechester,Alabama,25107,-78.59981,-20.3122755
Mrs. Angela Johnson,28,479 Lori Oval,East Jennifer,New Mexico,41186,27.768621,85.849405
Mary Wolf,79,885 Gary Point,Estesberg,Oklahoma,40608,-158.623585,-55.197814
Carol Cain,64,08038 Sarah Gateway Suite 424,Lake Justin,Nevada,14799,-96.831459,76.392902
Ashley Mcgee,74,3908 Johnson Hill Suite 371,New Patrick,Oklahoma,86352,107.006912,-1.5764905
Kelly Williams,54,021 Scott Dale,North Rebeccabury,Iowa,27745,-5.623182,67.05802
Howard Boone,18,9115 Lee Squares,New Kenneth,Indiana,88080,47.681821,-4.931086
Amanda Chapman,32,574 Colon Green,Lake Chadtown,Nebraska,92856,131.447482,16.3126515
Ronald Huffman,21,0419 Cruz Prairie Apt. 552,Randallport,Oklahoma,54193,-34.61283,-21.9095655
Stephanie Martin,45,410 Mccoy Pass Suite 340,Wrightside,Oklahoma,49288,-121.637689,-59.0284345
Brenda Holder,76,474 Jonathon Manors,New Jessica,California,37912,-141.054818,-50.705469
Diana Hernandez,25,815 Morris Forks,Christophershire,Massachusetts,53752,-102.543689,18.352487
Jordan Hansen,28,232 Christopher Shores,North Terry,West Virginia,20447,128.809131,-80.467028
Anthony Armstrong,72,8541 Guerra View,Lake Thomas,Mississippi,58056,-151.47034,-49.141065
Kara Flores,65,627 Manuel Ramp,Martinstad,Oklahoma,50548,128.142397,-75.683641
Laura Bell,56,2620 John Lake Apt. 483,Obrienmouth,Utah,50342,144.558099,66.713616
Gregory Hicks,62,75831 Riggs Roads Suite 337,Jillshire,New York,59181,-50.027546,-11.2540285
Chad King,22,01492 Martin Ports,Heathershire,Vermont,78524,2.500062,-40.551287
Kristen Santana,66,13610 John Village,East George,Maryland,11104,-11.566441,11.477008
Tracy Miller,44,250 David Lane,New Kelliton,Kentucky,11390,97.773339,-9.143393
Richard Rivas,50,851 Scott Springs Apt. 189,Karenstad,Georgia,71235,133.993539,20.2721215
Lisa Mitchell,51,0477 Davis Flats Suite 608,Smithton,California,54575,-179.93527,76.624261
Paul Hutchinson,57,988 Mcdaniel Mills,Robertsstad,Louisiana,37762,-125.119547,-41.2783595
Brittany Salazar,79,035 Mary Route,East Reginamouth,Idaho,23917,-165.360265,-10.043387
Erica Zavala,59,68631 Lorraine Locks Suite 698,Coxchester,Delaware,53165,-6.951135,77.4457805
Daryl Brown,61,4038 Elizabeth Cliffs,Lake Amberstad,Connecticut,54078,122.666185,62.2626395
Robert Acosta,56,1558 Lynch Shoal,South Kaylaton,Indiana,73665,-85.874361,81.3603795
Angela Fry,76,1922 Briggs Junctions Apt. 336,Port Melissaview,Georgia,44995,-119.556234,43.254125
Lauren Arroyo,33,534 Nathan Dam,Beckyville,Arkansas,87439,-11.950666,-45.7298595
William Freeman,68,7390 Kelly Lakes Suite 184,Hurleystad,Maryland,80691,-8.786993,85.1585245
Joanna Vega,58,9857 Jessica Lake,Mcguireburgh,North Dakota,36970,59.212941,43.745284
William Miller,55,677 Mary Shoal,New Allisonfurt,Louisiana,35332,-13.543633,-25.658331
Joseph Ware,51,0144 Smith Terrace Suite 427,West Jeanneville,North Dakota,18440,99.289007,-39.3147945
Mike Roberts,44,40065 Porter Stream,South Rodney,New Jersey,63954,145.201643,27.2400315
Debra Melton,27,595 Brian Plains Suite 518,East Anitamouth,New Jersey,56076,-112.784553,5.362215
Alex Travis,60,2043 Carlos Street Suite 270,Smithchester,Missouri,35307,4.406147,82.6520665
Margaret Moran,75,79289 Wood Mountain,Wilsonton,Connecticut,03892,108.947562,57.131056
Michelle Reed,69,3850 Patricia Harbors Apt. 494,Josephmouth,North Dakota,09499,85.58459,-15.2521725
Vincent Thornton,21,3266 Jeremy Mission Suite 823,Kennethmouth,New Mexico,81769,167.225714,27.0594565
Ian Chan,67,315 Stacy Ports,Turnerfurt,Idaho,30781,175.836109,60.2555735
Jimmy Wolf,33,29577 Pearson Motorway,Laurafurt,Montana,25382,3.019408,65.0306125
Jennifer Marks,80,02756 Perry Mission Apt. 853,Burtonmouth,Iowa,09381,115.635264,-17.565989
Theresa Bird,50,4588 Blair Gateway,South David,South Dakota,53980,169.31833,-34.3337905
Derrick Ramirez,41,201 Kenneth Common Apt. 917,Johnsonville,New Mexico,91139,-89.336899,-1.611623
Amber Garcia,40,79003 Monica Mountains Apt. 405,Molinaview,Georgia,61183,-125.22241,86.9148735
Alexa Cooper,27,82742 Bailey Gateway Apt. 492,Kirbyport,Nebraska,72343,-171.573035,7.124984
Natasha Barnett,20,259 Paul Corners,South Ana,Minnesota,60231,88.6348,7.277067
Sherri Harris,50,43246 Nathan Pine,Port Tracey,Nevada,58689,140.009352,-2.9336785
Adam Hammond,55,81476 Oconnor Parks Apt. 051,West Eric,New Jersey,82341,-25.626794,47.915364
Carlos Mcbride,35,94355 Ramsey Throughway,Lake Stephenland,New Jersey,75755,37.455334,63.088596
Mary Stout,25,549 Howell Wells Apt. 070,Tinahaven,Michigan,53458,112.135007,7.6213735
Marvin Harrison,73,28557 Stanley Viaduct Apt. 991,Wernerchester,South Dakota,63723,-53.536727,70.116019
Keith Moore,31,07524 Justin Turnpike,Whitneyland,Rhode Island,28327,-120.364294,-59.2890935
Cory Fox,30,419 Shea Ridges Suite 081,Lake Terry,Idaho,16141,-4.19959,75.7947205
Tony Miller,35,3909 May Point Suite 483,Jeremyborough,Kansas,85761,-60.967546,81.451909
Luke Hardy,66,973 Reynolds Lodge Apt. 827,Georgeberg,Maine,29103,-90.037407,-32.332613
Steve Cervantes,68,963 Heather Mount Suite 043,Lake Heatherstad,Hawaii,05496,18.487459,-7.532917
Stacy Price,78,811 Robinson Point,West Erica,Michigan,73228,-152.460689,-3.63292
Wayne Williams,80,5991 Reyes Hills Suite 477,Drewberg,Kentucky,79802,123.702066,-31.4637685
Michael Hutchinson,49,08388 Harrison Isle,Thompsonton,West Virginia,06223,-77.534576,20.549485
Wayne Medina,67,2823 Jennifer Avenue Suite 130,North Lisamouth,North Dakota,96392,130.653202,37.5681825
Michael Smith,32,42792 Scott Extension Suite 186,East Mary,Utah,43359,40.41282,86.4671395
Craig Hoover,31,64610 Jason Vista Apt. 711,Barrettport,Mississippi,51422,107.225434,-11.7754735
Sandy Fox,47,6771 Anthony Terrace Apt. 960,Garciamouth,Hawaii,38456,106.11424,80.153147
Catherine Gonzalez,24,73917 Tonya Green,Davidmouth,Utah,09577,171.393775,-44.996721
Nicholas Rodriguez,63,0809 Darlene Radial,Lake Mary,Iowa,54402,-100.634621,-58.938283
Michael Odom,33,6210 Estrada Plain Apt. 196,Terristad,Idaho,80725,18.45926,-7.769196
Mr. Chris Farmer,25,6666 Jonathan Route,New Marcfort,North Dakota,09268,150.937645,22.713505
Jonathan Lopez,43,69749 Rhonda Fields Apt. 676,Michaelmouth,Louisiana,32688,-67.91806,4.551984
Amy Ortiz,80,88981 Jorge Square Apt. 575,Robinview,Texas,92908,-26.55799,-32.510003
Deborah Braun,69,88574 Shelley Vista Apt. 226,Paigeburgh,Washington,81341,-137.231712,-40.3450515
Jennifer Perez,29,444 Schneider Light,Valdezmouth,Kansas,18536,16.859591,66.281558
Megan Baker,52,229 Mary Branch Apt. 555,Port Scott,Michigan,97656,145.431925,-31.286365
Alan Franklin,69,0276 Johnson Flat Apt. 351,Brownshire,Florida,36970,141.868226,-87.5080695
Terry Riley,76,40808 Barrett Field,Jeffreyburgh,California,50651,24.818986,-21.4452415
Robert Schroeder,22,561 Timothy Cliffs,Lake Matthewside,North Carolina,74651,-11.746216,4.8822725
Tamara Stewart,21,07554 Matthew Views Apt. 633,Lake Debra,Arkansas,42137,101.378331,6.308067
James Tate,53,528 Mary Valleys Apt. 307,Jamesside,New Jersey,90002,-68.792823,-69.040393
Mary Michael,68,46790 Clay Locks Suite 775,East Edward,Minnesota,40642,10.113815,-80.3371795
Tina Sanders,75,2041 Ricky Plain,Dustinmouth,Maine,07037,157.36624,-79.503031
Brandon Oliver,72,073 Brian Neck Apt. 178,North Jessicaview,Arkansas,36378,168.901494,30.9465395
Candace Hernandez,34,506 Rodney Valleys Apt. 006,Lake Joy,Colorado,15806,30.817438,-44.752728
Theresa Chang,34,85256 Johnson Plaza Apt. 965,New Nicolemouth,North Dakota,87140,24.299622,49.520205
Linda Andrews,49,6709 Harrison Stravenue Suite 307,South Kimberlyfort,Montana,49349,98.445043,-66.5335075
Nicole Reeves,37,817 Mercado Village Suite 778,Kennethshire,Vermont,13996,-108.138219,-0.7529615
Richard Harris,61,53971 Matthew Mills,Davidburgh,North Carolina,10112,-126.612284,30.10981
Pamela Hines,38,58973 Villarreal Road Suite 528,Jeanhaven,Delaware,99022,-148.920063,76.1868085
Heather Peterson,18,902 David Loop,Brewerbury,West Virginia,44315,-27.007207,-57.7743815
Aaron Hall,66,28767 Lee Mill Suite 897,New Williamstad,Maryland,37954,41.143894,64.504535
Levi Spencer,32,000 Scott Pines,Christopherbury,Rhode Island,84494,141.026487,-16.744144
Thomas Davidson,57,644 Mcfarland Brook Apt. 464,Williamshaven,Oklahoma,49590,-109.017886,64.6499025
Gabriel Garcia,62,36691 Mcclain Vista Apt. 657,Jonesstad,Maryland,69161,38.536864,61.6365705
Kimberly Hernandez,20,263 Douglas Point Suite 688,South Stephen,New Jersey,26488,110.598453,21.330486
Tammy Black,38,75069 Walsh Shoal,South Steve,Louisiana,90600,84.32925,82.9518855
Patrick Cabrera,39,30818 Meyer Divide,North Amber,Washington,65311,-71.802263,-43.166958
Justin King,36,893 Roach Overpass,Parkerfort,Hawaii,85414,171.581438,-11.0234755
Chloe Williams,55,541 Brenda Camp Suite 764,Williamsville,West Virginia,38288,-135.193763,-45.1181235
Dana Pena,18,2693 Edwards Streets Apt. 799,Port Kathleenberg,Florida,28688,58.890506,50.708089
Jose Mcclain,70,5679 Ferguson Rapids Suite 835,Williammouth,Pennsylvania,54452,-89.985528,35.2316975
Thomas Daniels,28,0879 Eric Dam Apt. 384,Christinaview,Indiana,37975,-76.428531,-54.765912
Timothy James,23,18567 Kelly Junctions Apt. 234,East Michael,Maine,92449,-162.604623,47.2665745
Michelle Brown,71,579 Powers Greens,Marshallport,Rhode Island,99293,-12.511838,-67.7520595
Ashley White,43,370 Walsh Alley,Jessicaberg,Oklahoma,47878,-161.674307,-81.002062
Stephen Marshall IV,38,6176 Jeffrey Isle Apt. 535,East Peterfurt,South Carolina,30436,-120.335332,48.8400585
Ann Lamb,52,785 Hall Mills,Morseberg,Arkansas,77275,132.327014,30.4673925
Derek Tyler,54,65731 Kayla Cape,Hernandezside,Minnesota,14606,-107.521214,76.087327
Carlos Davies,45,116 Kerr Glen Suite 320,Leemouth,Louisiana,18283,89.018272,83.103498
Richard Jackson,51,90051 Christopher Junctions,Lake Pamelaburgh,Minnesota,90399,133.577343,-86.059696
Melody Garza,29,36218 Koch Fords Suite 432,Port Diamondport,Hawaii,30923,112.865422,-28.445118
Erin Kaiser,43,21148 Villa Plain,Julietown,Florida,89471,80.773178,82.27313
Jessica Patterson,52,46685 Tara Ridge Apt. 170,East Isabelfort,New York,06683,116.501231,-84.7024925
Damon Harvey,22,18042 Martinez Pine,East Craigshire,Alaska,78820,-137.892809,-21.219736
Crystal Villarreal,19,30197 Joshua Lodge,Lake Joseph,Minnesota,64230,-114.80739,41.388986
Willie Barnett,54,332 Kemp Mountains,New Anthonychester,Florida,52323,68.43866,31.869107
Jacob Williams,58,3361 Simon Roads Suite 585,New Sallyburgh,Alabama,32503,0.659743,60.388154
Jacob Rivera DDS,31,722 Williams Parkway Apt. 242,East Robin,Wisconsin,94249,127.514636,70.438691
Matthew Rasmussen,43,8351 Olsen Plains Suite 087,New Ericburgh,Georgia,92356,146.632432,51.953007
Tammy Hernandez,30,184 Pamela Fields,Port Elizabethfort,New York,30601,116.343637,-47.951175
Barry Williams,26,8855 Ramirez Trail Apt. 665,Jeremyland,Delaware,87449,164.22885,-37.1632125
Lauren Love,42,50718 Williams Cove,Mcdonaldview,Oklahoma,51549,149.698129,-64.937789
Juan Johnson,51,150 Miller Springs,East Terrance,New Hampshire,04587,-89.341832,-82.9593675
Jaclyn Rose,18,59650 Davis Mission Suite 396,North Henry,Kansas,65615,-22.183125,43.8220815
Debra Kemp,31,33492 May Isle,Leslieport,Maryland,94724,143.647517,27.8836995
Chris Diaz,61,284 Emma Orchard Suite 623,Jenniferton,Minnesota,09700,-162.463889,-89.5324755
Nicholas Blanchard,23,19535 Lindsey Roads,Holderbury,Ohio,34330,-66.292647,15.817684
Jennifer May,47,6267 Tony Burgs,Markshire,Minnesota,25834,154.894915,23.629815
Danielle Wright,63,6436 Alisha Locks,Michaelland,Utah,20089,-61.275413,-3.0981345
James Wells,21,71287 Courtney Gardens Suite 119,Port Lisaburgh,Georgia,29217,-67.57546,24.556149
Mark Smith,68,794 Johnson Locks,Shepherdfurt,Arizona,56935,42.880995,85.452511
Deanna Ford,18,80892 Smith Rue Apt. 146,Jonesstad,Montana,77748,-42.223836,-20.6882335
Cindy Martinez,24,616 Sanchez Knolls,East Catherineside,Washington,50952,0.170351,28.5985105
Michael Smith,72,85115 Ashley Isle,Janetown,Nevada,47720,-94.094963,28.719469
Lori Alvarez,35,2716 Garcia Court,Justinmouth,North Carolina,80456,49.768525,-57.1364165
